unit,unit_1
timestamp,1552867588
plant,Yalumba
cellar,Mexican_Vale
batch,19SPG3
barrel,090241
temperature,18.33
specific_gravity,0.992
integtime_measure,150.0
wavelen,dark-cal,light-cal,dark-0,light-0,dark-1,light-1,dark-2,light-2
335.429077,1502.0,1503.0,1500.0,1501.0,1499.0,1498.0,1500.0,1502.0
335.887201,1501.0,1503.0,1500.0,1502.0,1498.0,1506.0,1502.0,1503.0
336.345361,1503.0,1508.0,1506.0,1498.0,1498.0,1501.0,1502.0,1503.0
336.803556,1498.0,1505.0,1503.0,1502.0,1502.0,1502.0,1500.0,1503.0
337.261787,1501.0,1504.0,1503.0,1504.0,1496.0,1496.0,1499.0,1501.0
337.720053,1499.0,1503.0,1501.0,1504.0,1498.0,1503.0,1506.0,1503.0
338.178355,1503.0,1507.0,1505.0,1504.0,1501.0,1502.0,1501.0,1501.0
338.636693,1499.0,1505.0,1504.0,1497.0,1501.0,1500.0,1502.0,1503.0
339.095066,1503.0,1504.0,1504.0,1501.0,1500.0,1502.0,1502.0,1503.0
339.553474,1503.0,1502.0,1504.0,1502.0,1506.0,1505.0,1500.0,1503.0
340.011918,1505.0,1506.0,1504.0,1507.0,1498.0,1503.0,1501.0,1503.0
340.470397,1505.0,1504.0,1505.0,1495.0,1502.0,1499.0,1501.0,1498.0
340.928912,1505.0,1500.0,1503.0,1498.0,1502.0,1502.0,1504.0,1504.0
341.387463,1498.0,1500.0,1498.0,1500.0,1495.0,1498.0,1494.0,1500.0
341.846049,1503.0,1502.0,1505.0,1502.0,1504.0,1500.0,1502.0,1503.0
342.304670,1499.0,1506.0,1505.0,1501.0,1503.0,1499.0,1503.0,1500.0
342.763328,1503.0,1506.0,1506.0,1499.0,1502.0,1500.0,1500.0,1502.0
343.222020,1501.0,1499.0,1499.0,1498.0,1500.0,1494.0,1495.0,1499.0
343.680748,1507.0,1506.0,1506.0,1501.0,1503.0,1508.0,1496.0,1504.0
344.139512,1509.0,1504.0,1502.0,1500.0,1499.0,1502.0,1500.0,1502.0
344.598311,1503.0,1502.0,1503.0,1500.0,1497.0,1498.0,1501.0,1501.0
345.057146,1499.0,1502.0,1505.0,1498.0,1503.0,1500.0,1502.0,1501.0
345.516016,1507.0,1502.0,1502.0,1502.0,1503.0,1502.0,1496.0,1502.0
345.974922,1502.0,1505.0,1502.0,1503.0,1498.0,1501.0,1501.0,1505.0
346.433863,1502.0,1504.0,1507.0,1498.0,1501.0,1500.0,1498.0,1501.0
346.892840,1505.0,1504.0,1510.0,1501.0,1501.0,1499.0,1502.0,1501.0
347.351852,1503.0,1500.0,1501.0,1503.0,1502.0,1501.0,1501.0,1502.0
347.810900,1500.0,1505.0,1497.0,1499.0,1502.0,1502.0,1500.0,1501.0
348.269984,1510.0,1507.0,1503.0,1505.0,1501.0,1499.0,1500.0,1503.0
348.729103,1501.0,1501.0,1508.0,1504.0,1499.0,1500.0,1499.0,1507.0
349.188257,1507.0,1504.0,1504.0,1502.0,1505.0,1501.0,1507.0,1503.0
349.647447,1499.0,1502.0,1500.0,1500.0,1500.0,1499.0,1498.0,1500.0
350.106673,1504.0,1498.0,1503.0,1501.0,1496.0,1502.0,1500.0,1499.0
350.565934,1500.0,1504.0,1504.0,1499.0,1497.0,1503.0,1499.0,1498.0
351.025231,1496.0,1500.0,1498.0,1497.0,1498.0,1496.0,1499.0,1503.0
351.484563,1499.0,1501.0,1499.0,1497.0,1500.0,1498.0,1500.0,1502.0
351.943930,1506.0,1502.0,1503.0,1504.0,1496.0,1502.0,1500.0,1499.0
352.403334,1504.0,1506.0,1503.0,1506.0,1504.0,1505.0,1503.0,1501.0
352.862772,1502.0,1500.0,1501.0,1498.0,1503.0,1502.0,1501.0,1501.0
353.322247,1498.0,1501.0,1504.0,1500.0,1500.0,1498.0,1500.0,1500.0
353.781757,1501.0,1503.0,1501.0,1505.0,1504.0,1503.0,1505.0,1504.0
354.241302,1504.0,1505.0,1505.0,1506.0,1500.0,1500.0,1501.0,1503.0
354.700883,1505.0,1504.0,1503.0,1504.0,1504.0,1505.0,1501.0,1504.0
355.160499,1503.0,1504.0,1500.0,1502.0,1501.0,1502.0,1501.0,1500.0
355.620151,1502.0,1505.0,1504.0,1502.0,1500.0,1502.0,1502.0,1504.0
356.079839,1498.0,1503.0,1503.0,1501.0,1500.0,1499.0,1498.0,1501.0
356.539562,1502.0,1503.0,1502.0,1501.0,1498.0,1503.0,1499.0,1503.0
356.999320,1497.0,1501.0,1497.0,1498.0,1498.0,1501.0,1497.0,1496.0
357.459115,1500.0,1497.0,1507.0,1500.0,1502.0,1499.0,1503.0,1502.0
357.918944,1500.0,1502.0,1502.0,1501.0,1501.0,1501.0,1499.0,1503.0
358.378809,1500.0,1504.0,1505.0,1503.0,1502.0,1503.0,1500.0,1501.0
358.838710,1505.0,1503.0,1500.0,1506.0,1501.0,1503.0,1499.0,1501.0
359.298646,1506.0,1506.0,1498.0,1503.0,1500.0,1500.0,1503.0,1503.0
359.758618,1501.0,1508.0,1509.0,1503.0,1503.0,1500.0,1505.0,1502.0
360.218626,1502.0,1503.0,1500.0,1500.0,1501.0,1497.0,1497.0,1498.0
360.678668,1498.0,1505.0,1503.0,1502.0,1501.0,1500.0,1500.0,1503.0
361.138747,1507.0,1507.0,1500.0,1502.0,1504.0,1501.0,1503.0,1499.0
361.598861,1503.0,1502.0,1501.0,1501.0,1498.0,1502.0,1503.0,1498.0
362.059010,1505.0,1503.0,1501.0,1500.0,1499.0,1501.0,1496.0,1498.0
362.519195,1499.0,1503.0,1508.0,1503.0,1500.0,1503.0,1501.0,1498.0
362.979416,1502.0,1501.0,1501.0,1502.0,1505.0,1506.0,1502.0,1506.0
363.439672,1503.0,1506.0,1499.0,1502.0,1499.0,1500.0,1500.0,1501.0
363.899964,1505.0,1501.0,1505.0,1505.0,1501.0,1507.0,1505.0,1503.0
364.360291,1502.0,1507.0,1503.0,1500.0,1496.0,1503.0,1502.0,1504.0
364.820654,1501.0,1506.0,1503.0,1500.0,1504.0,1502.0,1501.0,1504.0
365.281052,1500.0,1505.0,1501.0,1503.0,1500.0,1499.0,1497.0,1502.0
365.741486,1502.0,1505.0,1500.0,1503.0,1499.0,1503.0,1501.0,1504.0
366.201955,1506.0,1500.0,1500.0,1503.0,1500.0,1504.0,1505.0,1501.0
366.662460,1499.0,1500.0,1506.0,1505.0,1501.0,1502.0,1504.0,1501.0
367.123001,1496.0,1502.0,1499.0,1499.0,1498.0,1500.0,1498.0,1500.0
367.583577,1505.0,1507.0,1505.0,1506.0,1503.0,1503.0,1503.0,1506.0
368.044188,1503.0,1505.0,1501.0,1498.0,1501.0,1501.0,1501.0,1498.0
368.504836,1503.0,1507.0,1505.0,1502.0,1504.0,1501.0,1506.0,1504.0
368.965518,1500.0,1502.0,1504.0,1501.0,1501.0,1499.0,1503.0,1499.0
369.426236,1499.0,1505.0,1506.0,1501.0,1499.0,1500.0,1502.0,1501.0
369.886990,1500.0,1502.0,1502.0,1500.0,1501.0,1502.0,1500.0,1500.0
370.347780,1503.0,1499.0,1503.0,1504.0,1500.0,1504.0,1503.0,1504.0
370.808604,1507.0,1501.0,1500.0,1499.0,1502.0,1506.0,1500.0,1500.0
371.269465,1502.0,1503.0,1504.0,1503.0,1502.0,1502.0,1505.0,1497.0
371.730361,1497.0,1500.0,1499.0,1500.0,1500.0,1500.0,1497.0,1502.0
372.191292,1499.0,1501.0,1501.0,1499.0,1501.0,1498.0,1501.0,1502.0
372.652259,1504.0,1502.0,1501.0,1503.0,1507.0,1503.0,1502.0,1506.0
373.113262,1499.0,1498.0,1502.0,1497.0,1498.0,1502.0,1499.0,1497.0
373.574300,1500.0,1500.0,1501.0,1504.0,1499.0,1502.0,1498.0,1503.0
374.035374,1501.0,1505.0,1502.0,1504.0,1499.0,1502.0,1502.0,1499.0
374.496483,1506.0,1503.0,1504.0,1504.0,1501.0,1499.0,1501.0,1505.0
374.957628,1505.0,1504.0,1505.0,1504.0,1503.0,1506.0,1505.0,1501.0
375.418808,1502.0,1501.0,1508.0,1507.0,1503.0,1508.0,1502.0,1504.0
375.880024,1501.0,1500.0,1504.0,1500.0,1499.0,1503.0,1499.0,1497.0
376.341275,1498.0,1502.0,1506.0,1502.0,1498.0,1500.0,1499.0,1500.0
376.802562,1505.0,1505.0,1498.0,1501.0,1501.0,1502.0,1501.0,1503.0
377.263885,1503.0,1502.0,1503.0,1504.0,1504.0,1503.0,1503.0,1502.0
377.725243,1505.0,1505.0,1502.0,1498.0,1498.0,1499.0,1503.0,1497.0
378.186637,1499.0,1501.0,1505.0,1502.0,1503.0,1502.0,1500.0,1504.0
378.648066,1498.0,1500.0,1506.0,1505.0,1504.0,1503.0,1501.0,1501.0
379.109531,1496.0,1501.0,1503.0,1501.0,1500.0,1502.0,1502.0,1501.0
379.571031,1503.0,1504.0,1500.0,1499.0,1496.0,1499.0,1497.0,1495.0
380.032567,1504.0,1503.0,1498.0,1503.0,1500.0,1499.0,1502.0,1500.0
380.494138,1499.0,1501.0,1497.0,1502.0,1498.0,1501.0,1500.0,1500.0
380.955745,1499.0,1502.0,1507.0,1499.0,1498.0,1503.0,1499.0,1502.0
381.417388,1503.0,1501.0,1503.0,1501.0,1501.0,1496.0,1498.0,1497.0
381.879066,1506.0,1502.0,1504.0,1501.0,1504.0,1502.0,1501.0,1496.0
382.340779,1502.0,1501.0,1502.0,1503.0,1501.0,1500.0,1500.0,1502.0
382.802529,1502.0,1504.0,1504.0,1501.0,1499.0,1500.0,1497.0,1501.0
383.264313,1498.0,1497.0,1504.0,1503.0,1503.0,1500.0,1502.0,1502.0
383.726134,1504.0,1501.0,1504.0,1500.0,1500.0,1501.0,1497.0,1501.0
384.187989,1501.0,1500.0,1501.0,1501.0,1501.0,1506.0,1504.0,1500.0
384.649881,1506.0,1504.0,1502.0,1502.0,1500.0,1499.0,1502.0,1501.0
385.111808,1499.0,1499.0,1504.0,1500.0,1502.0,1502.0,1497.0,1501.0
385.573770,1485.0,1484.0,1485.0,1487.0,1485.0,1485.0,1489.0,1490.0
386.035769,1504.0,1500.0,1503.0,1499.0,1498.0,1499.0,1501.0,1504.0
386.497802,1502.0,1506.0,1506.0,1503.0,1500.0,1504.0,1499.0,1502.0
386.959871,1502.0,1505.0,1503.0,1506.0,1503.0,1503.0,1500.0,1500.0
387.421976,1501.0,1507.0,1491.0,1503.0,1503.0,1501.0,1502.0,1501.0
387.884116,1495.0,1502.0,1507.0,1501.0,1500.0,1502.0,1500.0,1497.0
388.346292,1506.0,1503.0,1505.0,1505.0,1503.0,1503.0,1500.0,1503.0
388.808504,1501.0,1502.0,1504.0,1503.0,1500.0,1499.0,1499.0,1502.0
389.270751,1504.0,1504.0,1501.0,1504.0,1496.0,1505.0,1502.0,1500.0
389.733033,1498.0,1505.0,1499.0,1499.0,1498.0,1498.0,1502.0,1502.0
390.195351,1503.0,1505.0,1503.0,1502.0,1500.0,1501.0,1501.0,1502.0
390.657705,1499.0,1503.0,1501.0,1497.0,1496.0,1502.0,1500.0,1500.0
391.120094,1503.0,1503.0,1504.0,1506.0,1503.0,1500.0,1503.0,1503.0
391.582519,1498.0,1503.0,1502.0,1507.0,1504.0,1501.0,1502.0,1502.0
392.044980,1503.0,1505.0,1503.0,1503.0,1503.0,1503.0,1502.0,1501.0
392.507475,1505.0,1509.0,1504.0,1502.0,1502.0,1504.0,1503.0,1501.0
392.970007,1502.0,1497.0,1499.0,1495.0,1500.0,1497.0,1498.0,1497.0
393.432574,1499.0,1501.0,1503.0,1499.0,1501.0,1502.0,1497.0,1501.0
393.895177,1495.0,1499.0,1499.0,1501.0,1502.0,1499.0,1501.0,1500.0
394.357815,1502.0,1499.0,1501.0,1501.0,1498.0,1501.0,1500.0,1501.0
394.820489,1503.0,1499.0,1506.0,1503.0,1500.0,1504.0,1499.0,1501.0
395.283198,1504.0,1503.0,1506.0,1505.0,1506.0,1504.0,1503.0,1500.0
395.745943,1501.0,1504.0,1501.0,1503.0,1501.0,1502.0,1501.0,1500.0
396.208723,1505.0,1503.0,1502.0,1500.0,1500.0,1504.0,1499.0,1502.0
396.671539,1502.0,1504.0,1503.0,1497.0,1502.0,1505.0,1502.0,1500.0
397.134391,1503.0,1504.0,1503.0,1500.0,1501.0,1501.0,1499.0,1501.0
397.597278,1497.0,1493.0,1497.0,1496.0,1499.0,1498.0,1494.0,1499.0
398.060201,1503.0,1503.0,1505.0,1503.0,1504.0,1503.0,1502.0,1504.0
398.523159,1499.0,1501.0,1500.0,1507.0,1498.0,1502.0,1502.0,1504.0
398.986153,1505.0,1507.0,1506.0,1505.0,1503.0,1501.0,1503.0,1504.0
399.449182,1499.0,1504.0,1501.0,1504.0,1503.0,1500.0,1502.0,1498.0
399.912247,1505.0,1506.0,1507.0,1505.0,1505.0,1504.0,1504.0,1503.0
400.375348,1499.0,1501.0,1506.0,1499.0,1502.0,1503.0,1502.0,1504.0
400.838484,1505.0,1503.0,1505.0,1503.0,1501.0,1507.0,1502.0,1504.0
401.301655,1500.0,1504.0,1500.0,1499.0,1501.0,1505.0,1499.0,1501.0
401.764863,1500.0,1504.0,1507.0,1501.0,1505.0,1505.0,1504.0,1503.0
402.228106,1496.0,1501.0,1503.0,1503.0,1502.0,1500.0,1499.0,1500.0
402.691384,1498.0,1499.0,1504.0,1502.0,1504.0,1507.0,1501.0,1501.0
403.154698,1504.0,1504.0,1507.0,1503.0,1501.0,1503.0,1502.0,1503.0
403.618047,1506.0,1504.0,1506.0,1498.0,1501.0,1502.0,1504.0,1505.0
404.081432,1501.0,1505.0,1502.0,1504.0,1503.0,1503.0,1500.0,1500.0
404.544853,1500.0,1504.0,1503.0,1497.0,1499.0,1501.0,1499.0,1501.0
405.008309,1501.0,1500.0,1501.0,1499.0,1500.0,1500.0,1504.0,1503.0
405.471801,1500.0,1503.0,1503.0,1505.0,1500.0,1499.0,1502.0,1501.0
405.935329,1503.0,1502.0,1504.0,1505.0,1503.0,1501.0,1503.0,1501.0
406.398892,1502.0,1501.0,1501.0,1501.0,1503.0,1505.0,1498.0,1501.0
406.862490,1502.0,1501.0,1504.0,1497.0,1499.0,1500.0,1499.0,1500.0
407.326124,1498.0,1497.0,1501.0,1497.0,1494.0,1496.0,1497.0,1500.0
407.789794,1501.0,1505.0,1504.0,1500.0,1498.0,1503.0,1502.0,1503.0
408.253499,1503.0,1503.0,1498.0,1499.0,1498.0,1500.0,1498.0,1504.0
408.717240,1502.0,1503.0,1503.0,1497.0,1500.0,1501.0,1497.0,1501.0
409.181016,1504.0,1500.0,1502.0,1502.0,1491.0,1499.0,1494.0,1497.0
409.644828,1502.0,1506.0,1501.0,1500.0,1500.0,1507.0,1500.0,1502.0
410.108676,1500.0,1505.0,1500.0,1500.0,1498.0,1501.0,1498.0,1501.0
410.572559,1501.0,1502.0,1510.0,1507.0,1499.0,1503.0,1502.0,1505.0
411.036478,1506.0,1502.0,1505.0,1504.0,1503.0,1504.0,1502.0,1504.0
411.500432,1505.0,1505.0,1505.0,1504.0,1499.0,1499.0,1500.0,1504.0
411.964422,1500.0,1503.0,1503.0,1505.0,1497.0,1497.0,1501.0,1499.0
412.428447,1502.0,1505.0,1505.0,1502.0,1500.0,1506.0,1502.0,1502.0
412.892508,1506.0,1506.0,1502.0,1504.0,1502.0,1503.0,1505.0,1502.0
413.356605,1500.0,1504.0,1503.0,1502.0,1500.0,1501.0,1502.0,1502.0
413.820737,1499.0,1505.0,1501.0,1503.0,1499.0,1496.0,1503.0,1504.0
414.284905,1501.0,1505.0,1505.0,1504.0,1502.0,1501.0,1505.0,1503.0
414.749108,1502.0,1505.0,1507.0,1501.0,1504.0,1507.0,1504.0,1505.0
415.213347,1504.0,1506.0,1502.0,1502.0,1498.0,1502.0,1502.0,1497.0
415.677621,1503.0,1502.0,1502.0,1499.0,1500.0,1500.0,1497.0,1502.0
416.141931,1502.0,1501.0,1503.0,1503.0,1497.0,1502.0,1501.0,1506.0
416.606277,1505.0,1505.0,1507.0,1499.0,1502.0,1503.0,1502.0,1504.0
417.070658,1502.0,1503.0,1503.0,1504.0,1499.0,1501.0,1501.0,1499.0
417.535075,1499.0,1504.0,1503.0,1505.0,1504.0,1501.0,1500.0,1496.0
417.999527,1503.0,1501.0,1502.0,1503.0,1503.0,1501.0,1506.0,1502.0
418.464015,1500.0,1503.0,1506.0,1503.0,1501.0,1506.0,1505.0,1503.0
418.928539,1503.0,1498.0,1501.0,1500.0,1499.0,1502.0,1504.0,1506.0
419.393098,1499.0,1505.0,1508.0,1499.0,1501.0,1503.0,1500.0,1502.0
419.857693,1502.0,1500.0,1504.0,1502.0,1500.0,1502.0,1501.0,1498.0
420.322323,1501.0,1503.0,1503.0,1503.0,1496.0,1499.0,1502.0,1500.0
420.786989,1505.0,1504.0,1500.0,1499.0,1503.0,1503.0,1502.0,1499.0
421.251690,1505.0,1507.0,1504.0,1503.0,1504.0,1505.0,1506.0,1506.0
421.716427,1502.0,1502.0,1503.0,1499.0,1506.0,1502.0,1505.0,1502.0
422.181200,1507.0,1505.0,1500.0,1501.0,1503.0,1507.0,1506.0,1501.0
422.646008,1500.0,1499.0,1501.0,1505.0,1499.0,1504.0,1503.0,1501.0
423.110852,1502.0,1502.0,1501.0,1502.0,1503.0,1503.0,1502.0,1502.0
423.575731,1505.0,1506.0,1505.0,1503.0,1497.0,1504.0,1504.0,1503.0
424.040646,1498.0,1503.0,1506.0,1499.0,1500.0,1503.0,1503.0,1500.0
424.505597,1504.0,1503.0,1502.0,1504.0,1502.0,1504.0,1500.0,1502.0
424.970583,1508.0,1501.0,1505.0,1506.0,1501.0,1507.0,1505.0,1500.0
425.435605,1500.0,1505.0,1502.0,1505.0,1502.0,1502.0,1502.0,1504.0
425.900662,1503.0,1505.0,1506.0,1503.0,1499.0,1504.0,1502.0,1505.0
426.365755,1498.0,1500.0,1507.0,1506.0,1499.0,1504.0,1502.0,1506.0
426.830883,1505.0,1506.0,1504.0,1504.0,1504.0,1503.0,1501.0,1504.0
427.296047,1505.0,1507.0,1499.0,1504.0,1502.0,1501.0,1501.0,1503.0
427.761247,1498.0,1504.0,1501.0,1501.0,1501.0,1502.0,1498.0,1505.0
428.226482,1502.0,1502.0,1507.0,1504.0,1501.0,1501.0,1502.0,1504.0
428.691753,1499.0,1502.0,1501.0,1506.0,1501.0,1503.0,1498.0,1509.0
429.157059,1499.0,1501.0,1502.0,1512.0,1500.0,1508.0,1506.0,1509.0
429.622401,1505.0,1503.0,1505.0,1504.0,1505.0,1509.0,1501.0,1509.0
430.087779,1500.0,1506.0,1505.0,1512.0,1501.0,1510.0,1499.0,1511.0
430.553192,1497.0,1505.0,1508.0,1515.0,1507.0,1512.0,1503.0,1513.0
431.018641,1500.0,1498.0,1503.0,1513.0,1501.0,1514.0,1497.0,1513.0
431.484125,1505.0,1505.0,1503.0,1516.0,1505.0,1518.0,1497.0,1519.0
431.949645,1502.0,1499.0,1499.0,1516.0,1499.0,1522.0,1499.0,1519.0
432.415201,1503.0,1506.0,1505.0,1522.0,1505.0,1522.0,1501.0,1527.0
432.880792,1497.0,1498.0,1503.0,1527.0,1501.0,1523.0,1498.0,1523.0
433.346418,1505.0,1504.0,1500.0,1529.0,1499.0,1529.0,1502.0,1525.0
433.812081,1503.0,1504.0,1502.0,1529.0,1503.0,1533.0,1506.0,1536.0
434.277779,1501.0,1498.0,1503.0,1532.0,1499.0,1534.0,1498.0,1537.0
434.743512,1493.0,1497.0,1508.0,1536.0,1502.0,1537.0,1498.0,1537.0
435.209281,1501.0,1499.0,1503.0,1541.0,1500.0,1538.0,1504.0,1541.0
435.675086,1494.0,1504.0,1505.0,1544.0,1498.0,1545.0,1501.0,1543.0
436.140926,1505.0,1506.0,1505.0,1546.0,1501.0,1548.0,1499.0,1553.0
436.606802,1499.0,1504.0,1503.0,1551.0,1503.0,1551.0,1499.0,1551.0
437.072713,1498.0,1503.0,1500.0,1551.0,1500.0,1553.0,1498.0,1554.0
437.538660,1502.0,1501.0,1505.0,1557.0,1503.0,1556.0,1501.0,1560.0
438.004643,1495.0,1499.0,1500.0,1554.0,1495.0,1560.0,1500.0,1560.0
438.470661,1501.0,1506.0,1503.0,1559.0,1500.0,1557.0,1499.0,1564.0
438.936715,1504.0,1506.0,1503.0,1564.0,1503.0,1569.0,1503.0,1570.0
439.402805,1509.0,1503.0,1500.0,1569.0,1503.0,1576.0,1502.0,1567.0
439.868930,1505.0,1505.0,1505.0,1573.0,1504.0,1577.0,1502.0,1570.0
440.335090,1504.0,1506.0,1501.0,1573.0,1504.0,1580.0,1502.0,1579.0
440.801286,1498.0,1495.0,1498.0,1567.0,1494.0,1572.0,1494.0,1575.0
441.267518,1504.0,1505.0,1502.0,1583.0,1499.0,1577.0,1499.0,1582.0
441.733786,1504.0,1503.0,1505.0,1581.0,1505.0,1582.0,1501.0,1582.0
442.200089,1503.0,1502.0,1504.0,1584.0,1501.0,1585.0,1501.0,1583.0
442.666427,1498.0,1501.0,1504.0,1580.0,1497.0,1581.0,1497.0,1581.0
443.132802,1500.0,1501.0,1500.0,1585.0,1499.0,1589.0,1499.0,1587.0
443.599211,1501.0,1499.0,1506.0,1585.0,1503.0,1590.0,1506.0,1589.0
444.065657,1502.0,1505.0,1508.0,1587.0,1501.0,1593.0,1504.0,1594.0
444.532138,1501.0,1499.0,1503.0,1591.0,1500.0,1586.0,1499.0,1590.0
444.998654,1508.0,1501.0,1502.0,1593.0,1502.0,1596.0,1502.0,1595.0
445.465207,1507.0,1504.0,1506.0,1594.0,1501.0,1597.0,1502.0,1596.0
445.931794,1499.0,1500.0,1509.0,1596.0,1501.0,1602.0,1502.0,1600.0
446.398418,1503.0,1502.0,1504.0,1595.0,1504.0,1601.0,1500.0,1599.0
446.865077,1501.0,1503.0,1504.0,1600.0,1503.0,1605.0,1503.0,1603.0
447.331771,1502.0,1500.0,1503.0,1596.0,1497.0,1595.0,1501.0,1597.0
447.798502,1504.0,1505.0,1509.0,1599.0,1501.0,1602.0,1500.0,1604.0
448.265267,1507.0,1502.0,1507.0,1600.0,1503.0,1608.0,1505.0,1608.0
448.732069,1506.0,1506.0,1504.0,1606.0,1508.0,1609.0,1506.0,1609.0
449.198906,1503.0,1503.0,1506.0,1603.0,1502.0,1610.0,1504.0,1604.0
449.665778,1497.0,1501.0,1499.0,1603.0,1498.0,1603.0,1500.0,1607.0
450.132687,1498.0,1504.0,1505.0,1606.0,1502.0,1608.0,1504.0,1613.0
450.599630,1501.0,1505.0,1508.0,1607.0,1504.0,1607.0,1500.0,1612.0
451.066610,1504.0,1500.0,1506.0,1609.0,1498.0,1607.0,1502.0,1612.0
451.533625,1501.0,1502.0,1502.0,1612.0,1498.0,1611.0,1502.0,1613.0
452.000676,1505.0,1502.0,1503.0,1614.0,1502.0,1615.0,1499.0,1616.0
452.467762,1504.0,1511.0,1498.0,1612.0,1500.0,1616.0,1496.0,1621.0
452.934884,1499.0,1501.0,1498.0,1609.0,1496.0,1613.0,1496.0,1620.0
453.402041,1497.0,1500.0,1503.0,1611.0,1502.0,1616.0,1500.0,1615.0
453.869234,1503.0,1503.0,1500.0,1611.0,1502.0,1622.0,1503.0,1620.0
454.336463,1499.0,1500.0,1504.0,1616.0,1497.0,1624.0,1499.0,1621.0
454.803727,1494.0,1503.0,1504.0,1621.0,1500.0,1619.0,1502.0,1626.0
455.271027,1503.0,1509.0,1502.0,1622.0,1505.0,1627.0,1504.0,1628.0
455.738362,1506.0,1502.0,1505.0,1623.0,1504.0,1625.0,1501.0,1623.0
456.205733,1501.0,1500.0,1495.0,1619.0,1498.0,1625.0,1501.0,1624.0
456.673140,1498.0,1503.0,1505.0,1619.0,1503.0,1623.0,1498.0,1628.0
457.140582,1504.0,1506.0,1500.0,1623.0,1501.0,1624.0,1499.0,1631.0
457.608060,1504.0,1506.0,1503.0,1625.0,1500.0,1630.0,1501.0,1632.0
458.075574,1503.0,1502.0,1503.0,1626.0,1500.0,1630.0,1503.0,1628.0
458.543123,1503.0,1505.0,1500.0,1624.0,1502.0,1627.0,1500.0,1630.0
459.010708,1501.0,1502.0,1502.0,1620.0,1501.0,1631.0,1497.0,1632.0
459.478328,1499.0,1506.0,1502.0,1623.0,1500.0,1628.0,1502.0,1632.0
459.945984,1499.0,1508.0,1503.0,1630.0,1500.0,1629.0,1502.0,1630.0
460.413676,1502.0,1504.0,1505.0,1628.0,1504.0,1631.0,1505.0,1634.0
460.881403,1502.0,1498.0,1499.0,1626.0,1499.0,1628.0,1498.0,1631.0
461.349166,1498.0,1502.0,1502.0,1623.0,1501.0,1629.0,1503.0,1635.0
461.816964,1502.0,1502.0,1500.0,1623.0,1497.0,1629.0,1505.0,1631.0
462.284798,1502.0,1503.0,1503.0,1627.0,1506.0,1625.0,1501.0,1629.0
462.752668,1504.0,1503.0,1502.0,1626.0,1503.0,1633.0,1505.0,1630.0
463.220573,1509.0,1500.0,1503.0,1631.0,1502.0,1634.0,1499.0,1634.0
463.688514,1504.0,1504.0,1503.0,1629.0,1503.0,1638.0,1502.0,1642.0
464.156490,1504.0,1502.0,1505.0,1632.0,1503.0,1640.0,1503.0,1641.0
464.624502,1497.0,1506.0,1503.0,1642.0,1500.0,1643.0,1501.0,1645.0
465.092550,1502.0,1500.0,1504.0,1639.0,1503.0,1645.0,1496.0,1645.0
465.560633,1504.0,1498.0,1502.0,1639.0,1500.0,1640.0,1501.0,1646.0
466.028752,1503.0,1501.0,1502.0,1643.0,1499.0,1648.0,1502.0,1646.0
466.496907,1502.0,1502.0,1501.0,1646.0,1497.0,1651.0,1502.0,1649.0
466.965097,1501.0,1504.0,1505.0,1647.0,1499.0,1654.0,1502.0,1651.0
467.433323,1501.0,1499.0,1501.0,1649.0,1501.0,1653.0,1504.0,1659.0
467.901584,1503.0,1505.0,1506.0,1651.0,1504.0,1660.0,1503.0,1660.0
468.369881,1505.0,1504.0,1502.0,1651.0,1503.0,1658.0,1501.0,1658.0
468.838214,1500.0,1504.0,1503.0,1651.0,1499.0,1656.0,1499.0,1656.0
469.306582,1504.0,1507.0,1502.0,1655.0,1500.0,1659.0,1501.0,1661.0
469.774986,1502.0,1504.0,1508.0,1654.0,1504.0,1660.0,1501.0,1665.0
470.243425,1504.0,1501.0,1501.0,1650.0,1504.0,1659.0,1499.0,1661.0
470.711900,1502.0,1505.0,1503.0,1652.0,1503.0,1663.0,1501.0,1664.0
471.180411,1501.0,1506.0,1500.0,1652.0,1499.0,1657.0,1499.0,1662.0
471.648957,1503.0,1503.0,1504.0,1659.0,1502.0,1657.0,1500.0,1667.0
472.117539,1504.0,1502.0,1504.0,1655.0,1504.0,1663.0,1501.0,1666.0
472.586157,1503.0,1498.0,1498.0,1654.0,1497.0,1660.0,1495.0,1664.0
473.054810,1500.0,1499.0,1503.0,1653.0,1499.0,1661.0,1499.0,1660.0
473.523499,1502.0,1502.0,1504.0,1657.0,1499.0,1658.0,1499.0,1664.0
473.992223,1500.0,1501.0,1502.0,1659.0,1501.0,1660.0,1498.0,1660.0
474.460983,1499.0,1505.0,1502.0,1662.0,1501.0,1666.0,1498.0,1664.0
474.929779,1502.0,1504.0,1501.0,1658.0,1499.0,1666.0,1499.0,1666.0
475.398610,1503.0,1502.0,1504.0,1662.0,1502.0,1670.0,1504.0,1669.0
475.867477,1500.0,1501.0,1500.0,1659.0,1500.0,1665.0,1504.0,1667.0
476.336380,1505.0,1507.0,1503.0,1663.0,1503.0,1671.0,1504.0,1672.0
476.805318,1501.0,1503.0,1503.0,1662.0,1501.0,1668.0,1497.0,1669.0
477.274292,1501.0,1499.0,1501.0,1662.0,1499.0,1668.0,1501.0,1671.0
477.743301,1501.0,1501.0,1507.0,1668.0,1504.0,1675.0,1506.0,1678.0
478.212346,1501.0,1500.0,1504.0,1668.0,1502.0,1675.0,1499.0,1676.0
478.681427,1503.0,1504.0,1506.0,1671.0,1503.0,1682.0,1501.0,1679.0
479.150543,1499.0,1502.0,1505.0,1675.0,1503.0,1681.0,1502.0,1684.0
479.619695,1497.0,1500.0,1499.0,1679.0,1499.0,1685.0,1500.0,1687.0
480.088882,1506.0,1499.0,1500.0,1681.0,1501.0,1680.0,1501.0,1686.0
480.558105,1502.0,1505.0,1502.0,1680.0,1501.0,1691.0,1501.0,1696.0
481.027364,1502.0,1503.0,1499.0,1686.0,1504.0,1689.0,1498.0,1689.0
481.496658,1499.0,1495.0,1502.0,1688.0,1503.0,1698.0,1501.0,1698.0
481.965988,1506.0,1500.0,1502.0,1690.0,1502.0,1701.0,1500.0,1701.0
482.435354,1497.0,1504.0,1506.0,1690.0,1499.0,1703.0,1501.0,1704.0
482.904755,1500.0,1505.0,1507.0,1702.0,1503.0,1712.0,1500.0,1713.0
483.374192,1499.0,1502.0,1502.0,1703.0,1497.0,1711.0,1500.0,1712.0
483.843665,1500.0,1498.0,1500.0,1706.0,1497.0,1714.0,1503.0,1714.0
484.313173,1503.0,1502.0,1506.0,1707.0,1503.0,1723.0,1503.0,1724.0
484.782717,1503.0,1504.0,1500.0,1703.0,1500.0,1717.0,1499.0,1720.0
485.252296,1501.0,1499.0,1505.0,1711.0,1501.0,1721.0,1500.0,1724.0
485.721911,1497.0,1500.0,1503.0,1713.0,1503.0,1727.0,1502.0,1729.0
486.191562,1503.0,1503.0,1506.0,1720.0,1503.0,1734.0,1504.0,1734.0
486.661248,1505.0,1503.0,1502.0,1725.0,1500.0,1733.0,1501.0,1733.0
487.130970,1504.0,1501.0,1501.0,1731.0,1502.0,1740.0,1503.0,1734.0
487.600727,1500.0,1505.0,1502.0,1726.0,1498.0,1735.0,1501.0,1734.0
488.070521,1504.0,1503.0,1504.0,1731.0,1495.0,1742.0,1500.0,1747.0
488.540349,1499.0,1500.0,1508.0,1732.0,1502.0,1744.0,1499.0,1747.0
489.010214,1506.0,1506.0,1502.0,1738.0,1502.0,1747.0,1500.0,1748.0
489.480114,1501.0,1502.0,1504.0,1743.0,1504.0,1753.0,1501.0,1754.0
489.950050,1499.0,1502.0,1505.0,1746.0,1500.0,1753.0,1501.0,1756.0
490.420021,1501.0,1508.0,1503.0,1743.0,1502.0,1752.0,1501.0,1753.0
490.890028,1496.0,1503.0,1501.0,1746.0,1499.0,1756.0,1499.0,1755.0
491.360070,1500.0,1504.0,1503.0,1743.0,1501.0,1757.0,1502.0,1759.0
491.830149,1503.0,1502.0,1506.0,1752.0,1505.0,1760.0,1502.0,1758.0
492.300263,1498.0,1498.0,1505.0,1748.0,1497.0,1758.0,1499.0,1762.0
492.770412,1499.0,1499.0,1504.0,1754.0,1504.0,1767.0,1501.0,1761.0
493.240597,1499.0,1502.0,1502.0,1749.0,1498.0,1764.0,1499.0,1761.0
493.710818,1498.0,1504.0,1499.0,1759.0,1502.0,1772.0,1501.0,1771.0
494.181074,1505.0,1499.0,1505.0,1754.0,1497.0,1765.0,1498.0,1767.0
494.651366,1503.0,1504.0,1507.0,1763.0,1501.0,1782.0,1505.0,1774.0
495.121694,1503.0,1504.0,1503.0,1767.0,1498.0,1779.0,1499.0,1780.0
495.592057,1500.0,1501.0,1502.0,1767.0,1498.0,1777.0,1502.0,1778.0
496.062456,1501.0,1498.0,1497.0,1763.0,1496.0,1778.0,1500.0,1779.0
496.532891,1505.0,1500.0,1505.0,1770.0,1503.0,1784.0,1503.0,1785.0
497.003361,1502.0,1501.0,1500.0,1774.0,1501.0,1787.0,1500.0,1792.0
497.473867,1500.0,1506.0,1499.0,1778.0,1498.0,1793.0,1500.0,1790.0
497.944408,1505.0,1504.0,1502.0,1780.0,1498.0,1796.0,1501.0,1791.0
498.414985,1506.0,1502.0,1505.0,1784.0,1504.0,1793.0,1502.0,1802.0
498.885598,1507.0,1500.0,1507.0,1790.0,1502.0,1802.0,1504.0,1802.0
499.356246,1502.0,1504.0,1505.0,1786.0,1503.0,1809.0,1502.0,1807.0
499.826930,1504.0,1505.0,1501.0,1793.0,1500.0,1807.0,1497.0,1805.0
500.297650,1501.0,1499.0,1503.0,1793.0,1498.0,1812.0,1501.0,1806.0
500.768405,1498.0,1498.0,1503.0,1796.0,1499.0,1812.0,1499.0,1811.0
501.239196,1501.0,1502.0,1506.0,1801.0,1500.0,1817.0,1502.0,1816.0
501.710023,1496.0,1499.0,1496.0,1797.0,1498.0,1818.0,1495.0,1811.0
502.180885,1501.0,1506.0,1501.0,1810.0,1504.0,1826.0,1501.0,1818.0
502.651783,1504.0,1503.0,1502.0,1807.0,1502.0,1824.0,1501.0,1823.0
503.122716,1499.0,1500.0,1502.0,1816.0,1502.0,1833.0,1505.0,1831.0
503.593686,1501.0,1503.0,1499.0,1810.0,1503.0,1828.0,1502.0,1826.0
504.064690,1500.0,1503.0,1499.0,1808.0,1499.0,1832.0,1497.0,1826.0
504.535731,1502.0,1501.0,1503.0,1813.0,1502.0,1831.0,1502.0,1829.0
505.006807,1496.0,1497.0,1496.0,1813.0,1494.0,1831.0,1500.0,1830.0
505.477919,1502.0,1500.0,1507.0,1821.0,1499.0,1835.0,1504.0,1834.0
505.949066,1501.0,1498.0,1501.0,1822.0,1500.0,1839.0,1500.0,1840.0
506.420249,1503.0,1501.0,1502.0,1822.0,1500.0,1841.0,1500.0,1839.0
506.891468,1508.0,1504.0,1503.0,1822.0,1502.0,1839.0,1501.0,1841.0
507.362722,1500.0,1503.0,1502.0,1823.0,1500.0,1838.0,1504.0,1843.0
507.834012,1505.0,1500.0,1499.0,1826.0,1507.0,1839.0,1504.0,1848.0
508.305337,1504.0,1504.0,1505.0,1828.0,1496.0,1850.0,1503.0,1846.0
508.776698,1500.0,1499.0,1501.0,1830.0,1499.0,1848.0,1497.0,1843.0
509.248095,1500.0,1503.0,1507.0,1833.0,1505.0,1848.0,1500.0,1846.0
509.719528,1499.0,1501.0,1506.0,1828.0,1499.0,1850.0,1499.0,1849.0
510.190996,1504.0,1508.0,1506.0,1831.0,1504.0,1849.0,1502.0,1849.0
510.662500,1506.0,1504.0,1501.0,1837.0,1503.0,1856.0,1499.0,1854.0
511.134039,1503.0,1502.0,1501.0,1835.0,1502.0,1853.0,1500.0,1854.0
511.605614,1506.0,1507.0,1503.0,1839.0,1503.0,1857.0,1503.0,1859.0
512.077225,1500.0,1501.0,1503.0,1836.0,1502.0,1860.0,1504.0,1857.0
512.548871,1502.0,1503.0,1503.0,1841.0,1502.0,1861.0,1499.0,1859.0
513.020553,1500.0,1506.0,1502.0,1845.0,1502.0,1864.0,1500.0,1865.0
513.492271,1503.0,1502.0,1497.0,1840.0,1499.0,1861.0,1496.0,1857.0
513.964024,1503.0,1502.0,1501.0,1849.0,1502.0,1871.0,1500.0,1868.0
514.435813,1504.0,1503.0,1503.0,1855.0,1504.0,1872.0,1502.0,1864.0
514.907638,1505.0,1501.0,1508.0,1850.0,1502.0,1869.0,1499.0,1868.0
515.379498,1504.0,1502.0,1504.0,1857.0,1497.0,1876.0,1497.0,1876.0
515.851394,1504.0,1505.0,1503.0,1857.0,1501.0,1879.0,1502.0,1877.0
516.323326,1502.0,1504.0,1501.0,1851.0,1499.0,1871.0,1505.0,1875.0
516.795293,1502.0,1499.0,1505.0,1859.0,1499.0,1881.0,1505.0,1879.0
517.267296,1504.0,1498.0,1506.0,1853.0,1499.0,1873.0,1498.0,1871.0
517.739334,1501.0,1502.0,1496.0,1865.0,1502.0,1885.0,1495.0,1884.0
518.211408,1501.0,1503.0,1499.0,1854.0,1499.0,1883.0,1499.0,1879.0
518.683518,1499.0,1503.0,1501.0,1854.0,1496.0,1876.0,1501.0,1878.0
519.155664,1502.0,1504.0,1501.0,1858.0,1501.0,1877.0,1501.0,1875.0
519.627845,1501.0,1499.0,1501.0,1863.0,1501.0,1881.0,1503.0,1881.0
520.100062,1501.0,1504.0,1502.0,1859.0,1505.0,1880.0,1501.0,1878.0
520.572314,1502.0,1504.0,1503.0,1858.0,1499.0,1882.0,1500.0,1876.0
521.044602,1503.0,1500.0,1501.0,1858.0,1501.0,1878.0,1499.0,1879.0
521.516926,1501.0,1498.0,1500.0,1864.0,1499.0,1884.0,1504.0,1882.0
521.989285,1498.0,1498.0,1500.0,1853.0,1498.0,1875.0,1504.0,1874.0
522.461680,1499.0,1502.0,1504.0,1858.0,1499.0,1880.0,1502.0,1877.0
522.934111,1501.0,1506.0,1504.0,1857.0,1502.0,1878.0,1497.0,1876.0
523.406577,1502.0,1501.0,1504.0,1851.0,1503.0,1880.0,1502.0,1874.0
523.879079,1506.0,1502.0,1500.0,1849.0,1501.0,1876.0,1500.0,1871.0
524.351617,1506.0,1504.0,1502.0,1861.0,1499.0,1880.0,1500.0,1875.0
524.824190,1503.0,1500.0,1501.0,1852.0,1499.0,1871.0,1497.0,1872.0
525.296799,1503.0,1501.0,1500.0,1852.0,1499.0,1873.0,1500.0,1868.0
525.769444,1504.0,1504.0,1503.0,1851.0,1503.0,1873.0,1502.0,1868.0
526.242124,1500.0,1504.0,1501.0,1856.0,1500.0,1881.0,1501.0,1878.0
526.714840,1503.0,1505.0,1501.0,1853.0,1502.0,1872.0,1500.0,1870.0
527.187591,1503.0,1503.0,1506.0,1853.0,1501.0,1870.0,1500.0,1871.0
527.660379,1503.0,1505.0,1502.0,1851.0,1505.0,1872.0,1501.0,1872.0
528.133202,1501.0,1503.0,1503.0,1849.0,1503.0,1875.0,1505.0,1871.0
528.606060,1501.0,1504.0,1502.0,1850.0,1503.0,1871.0,1502.0,1872.0
529.078954,1501.0,1505.0,1505.0,1846.0,1505.0,1869.0,1502.0,1867.0
529.551884,1498.0,1502.0,1507.0,1851.0,1499.0,1871.0,1502.0,1866.0
530.024850,1500.0,1503.0,1499.0,1853.0,1503.0,1867.0,1502.0,1865.0
530.497851,1500.0,1500.0,1503.0,1847.0,1499.0,1869.0,1499.0,1870.0
530.970888,1502.0,1501.0,1503.0,1849.0,1504.0,1869.0,1501.0,1866.0
531.443960,1501.0,1504.0,1502.0,1843.0,1497.0,1865.0,1499.0,1867.0
531.917069,1505.0,1507.0,1505.0,1846.0,1500.0,1869.0,1497.0,1864.0
532.390212,1497.0,1503.0,1499.0,1842.0,1502.0,1863.0,1498.0,1865.0
532.863392,1501.0,1503.0,1505.0,1848.0,1505.0,1867.0,1502.0,1866.0
533.336607,1505.0,1506.0,1499.0,1847.0,1500.0,1862.0,1501.0,1858.0
533.809858,1501.0,1502.0,1502.0,1844.0,1500.0,1865.0,1500.0,1858.0
534.283144,1501.0,1506.0,1502.0,1841.0,1499.0,1866.0,1506.0,1856.0
534.756466,1507.0,1507.0,1504.0,1838.0,1498.0,1862.0,1503.0,1855.0
535.229824,1501.0,1501.0,1500.0,1836.0,1503.0,1855.0,1498.0,1853.0
535.703218,1499.0,1501.0,1505.0,1837.0,1500.0,1858.0,1501.0,1853.0
536.176647,1501.0,1500.0,1505.0,1835.0,1505.0,1856.0,1500.0,1852.0
536.650112,1502.0,1508.0,1505.0,1833.0,1501.0,1850.0,1502.0,1852.0
537.123612,1505.0,1508.0,1504.0,1832.0,1500.0,1855.0,1502.0,1854.0
537.597148,1501.0,1505.0,1502.0,1834.0,1499.0,1851.0,1501.0,1850.0
538.070720,1499.0,1501.0,1500.0,1825.0,1504.0,1849.0,1503.0,1842.0
538.544328,1499.0,1504.0,1501.0,1825.0,1501.0,1844.0,1499.0,1840.0
539.017971,1501.0,1503.0,1502.0,1821.0,1498.0,1844.0,1504.0,1844.0
539.491649,1505.0,1503.0,1506.0,1826.0,1499.0,1844.0,1501.0,1836.0
539.965364,1502.0,1501.0,1502.0,1820.0,1502.0,1842.0,1501.0,1840.0
540.439114,1500.0,1497.0,1502.0,1821.0,1496.0,1843.0,1496.0,1839.0
540.912900,1501.0,1502.0,1505.0,1823.0,1502.0,1846.0,1504.0,1837.0
541.386721,1505.0,1500.0,1499.0,1816.0,1497.0,1838.0,1501.0,1834.0
541.860578,1503.0,1502.0,1499.0,1820.0,1501.0,1836.0,1501.0,1833.0
542.334471,1501.0,1504.0,1505.0,1819.0,1503.0,1837.0,1498.0,1836.0
542.808400,1504.0,1502.0,1503.0,1810.0,1498.0,1834.0,1500.0,1831.0
543.282364,1505.0,1504.0,1503.0,1812.0,1496.0,1834.0,1501.0,1829.0
543.756364,1498.0,1502.0,1500.0,1816.0,1503.0,1839.0,1501.0,1832.0
544.230399,1500.0,1502.0,1505.0,1807.0,1504.0,1835.0,1500.0,1831.0
544.704470,1501.0,1501.0,1504.0,1809.0,1505.0,1832.0,1498.0,1823.0
545.178577,1502.0,1506.0,1501.0,1815.0,1503.0,1834.0,1500.0,1836.0
545.652719,1500.0,1502.0,1499.0,1811.0,1497.0,1832.0,1501.0,1826.0
546.126898,1503.0,1499.0,1507.0,1810.0,1504.0,1830.0,1503.0,1826.0
546.601111,1505.0,1505.0,1504.0,1809.0,1499.0,1834.0,1498.0,1826.0
547.075361,1504.0,1500.0,1499.0,1807.0,1501.0,1827.0,1501.0,1825.0
547.549646,1500.0,1505.0,1501.0,1807.0,1499.0,1828.0,1500.0,1825.0
548.023967,1500.0,1504.0,1505.0,1811.0,1500.0,1828.0,1503.0,1827.0
548.498323,1502.0,1504.0,1500.0,1802.0,1497.0,1825.0,1502.0,1824.0
548.972715,1498.0,1503.0,1507.0,1801.0,1503.0,1824.0,1501.0,1822.0
549.447143,1496.0,1499.0,1501.0,1806.0,1501.0,1827.0,1498.0,1822.0
549.921607,1501.0,1500.0,1499.0,1798.0,1499.0,1825.0,1502.0,1821.0
550.396106,1505.0,1503.0,1501.0,1802.0,1506.0,1827.0,1504.0,1820.0
550.870641,1498.0,1498.0,1502.0,1802.0,1499.0,1821.0,1498.0,1815.0
551.345211,1499.0,1505.0,1503.0,1798.0,1498.0,1823.0,1501.0,1820.0
551.819818,1502.0,1500.0,1505.0,1799.0,1502.0,1820.0,1502.0,1818.0
552.294459,1507.0,1502.0,1501.0,1799.0,1499.0,1823.0,1498.0,1819.0
552.769137,1505.0,1502.0,1503.0,1799.0,1501.0,1817.0,1499.0,1812.0
553.243850,1503.0,1505.0,1503.0,1793.0,1502.0,1816.0,1503.0,1809.0
553.718599,1500.0,1500.0,1502.0,1792.0,1505.0,1814.0,1501.0,1812.0
554.193384,1500.0,1497.0,1494.0,1792.0,1498.0,1811.0,1498.0,1810.0
554.668204,1502.0,1504.0,1500.0,1793.0,1502.0,1816.0,1499.0,1813.0
555.143060,1501.0,1501.0,1501.0,1787.0,1502.0,1809.0,1503.0,1806.0
555.617952,1497.0,1501.0,1506.0,1791.0,1503.0,1812.0,1501.0,1809.0
556.092879,1500.0,1500.0,1498.0,1785.0,1499.0,1802.0,1500.0,1801.0
556.567842,1500.0,1502.0,1501.0,1783.0,1498.0,1807.0,1501.0,1799.0
557.042840,1501.0,1505.0,1499.0,1783.0,1499.0,1805.0,1503.0,1797.0
557.517875,1501.0,1504.0,1500.0,1781.0,1500.0,1804.0,1503.0,1797.0
557.992945,1502.0,1499.0,1503.0,1781.0,1504.0,1802.0,1499.0,1800.0
558.468050,1504.0,1502.0,1503.0,1781.0,1498.0,1799.0,1503.0,1797.0
558.943192,1502.0,1503.0,1501.0,1774.0,1494.0,1791.0,1498.0,1789.0
559.418369,1505.0,1505.0,1505.0,1779.0,1502.0,1799.0,1500.0,1792.0
559.893582,1503.0,1496.0,1502.0,1767.0,1497.0,1788.0,1497.0,1783.0
560.368830,1506.0,1503.0,1502.0,1779.0,1501.0,1800.0,1502.0,1788.0
560.844114,1505.0,1501.0,1505.0,1780.0,1504.0,1795.0,1501.0,1785.0
561.319434,1502.0,1505.0,1503.0,1772.0,1500.0,1796.0,1503.0,1787.0
561.794789,1502.0,1508.0,1505.0,1775.0,1499.0,1789.0,1500.0,1784.0
562.270180,1505.0,1499.0,1503.0,1769.0,1502.0,1783.0,1503.0,1784.0
562.745607,1501.0,1502.0,1503.0,1773.0,1504.0,1794.0,1500.0,1786.0
563.221070,1502.0,1504.0,1501.0,1770.0,1502.0,1793.0,1501.0,1786.0
563.696568,1504.0,1506.0,1506.0,1767.0,1501.0,1784.0,1502.0,1783.0
564.172102,1499.0,1499.0,1503.0,1764.0,1497.0,1783.0,1501.0,1778.0
564.647671,1505.0,1505.0,1504.0,1767.0,1505.0,1785.0,1503.0,1779.0
565.123276,1502.0,1500.0,1505.0,1764.0,1502.0,1783.0,1499.0,1781.0
565.598917,1503.0,1502.0,1499.0,1766.0,1499.0,1784.0,1497.0,1779.0
566.074594,1501.0,1505.0,1502.0,1762.0,1499.0,1779.0,1496.0,1778.0
566.550306,1501.0,1503.0,1506.0,1760.0,1502.0,1776.0,1502.0,1776.0
567.026054,1504.0,1501.0,1504.0,1768.0,1504.0,1786.0,1506.0,1779.0
567.501838,1502.0,1501.0,1503.0,1762.0,1502.0,1786.0,1500.0,1777.0
567.977657,1504.0,1505.0,1504.0,1756.0,1501.0,1776.0,1498.0,1770.0
568.453512,1501.0,1503.0,1501.0,1756.0,1500.0,1774.0,1500.0,1775.0
568.929403,1501.0,1500.0,1499.0,1758.0,1501.0,1777.0,1502.0,1770.0
569.405329,1500.0,1503.0,1504.0,1760.0,1503.0,1775.0,1503.0,1769.0
569.881291,1498.0,1496.0,1492.0,1755.0,1497.0,1771.0,1501.0,1767.0
570.357289,1497.0,1498.0,1502.0,1752.0,1496.0,1772.0,1498.0,1770.0
570.833323,1504.0,1502.0,1506.0,1747.0,1495.0,1772.0,1501.0,1769.0
571.309392,1500.0,1507.0,1505.0,1755.0,1500.0,1773.0,1502.0,1770.0
571.785496,1498.0,1500.0,1504.0,1754.0,1496.0,1775.0,1503.0,1765.0
572.261637,1502.0,1495.0,1500.0,1752.0,1499.0,1765.0,1496.0,1764.0
572.737813,1499.0,1498.0,1500.0,1744.0,1498.0,1760.0,1498.0,1757.0
573.214025,1503.0,1504.0,1502.0,1748.0,1502.0,1764.0,1498.0,1763.0
573.690273,1499.0,1503.0,1507.0,1753.0,1504.0,1766.0,1502.0,1762.0
574.166556,1503.0,1499.0,1503.0,1747.0,1501.0,1764.0,1498.0,1760.0
574.642875,1502.0,1503.0,1500.0,1745.0,1501.0,1764.0,1500.0,1759.0
575.119229,1503.0,1506.0,1504.0,1742.0,1502.0,1764.0,1500.0,1761.0
575.595620,1497.0,1500.0,1502.0,1740.0,1497.0,1756.0,1498.0,1753.0
576.072046,1503.0,1505.0,1507.0,1745.0,1504.0,1763.0,1504.0,1760.0
576.548508,1500.0,1502.0,1505.0,1743.0,1504.0,1758.0,1497.0,1754.0
577.025005,1502.0,1503.0,1503.0,1738.0,1501.0,1756.0,1500.0,1754.0
577.501538,1501.0,1503.0,1504.0,1736.0,1503.0,1760.0,1503.0,1752.0
577.978107,1501.0,1507.0,1501.0,1738.0,1501.0,1756.0,1500.0,1746.0
578.454711,1503.0,1500.0,1502.0,1735.0,1504.0,1756.0,1499.0,1748.0
578.931352,1502.0,1506.0,1501.0,1734.0,1504.0,1752.0,1500.0,1754.0
579.408027,1500.0,1504.0,1506.0,1733.0,1499.0,1747.0,1499.0,1749.0
579.884739,1501.0,1505.0,1506.0,1732.0,1498.0,1749.0,1503.0,1744.0
580.361486,1503.0,1503.0,1504.0,1727.0,1500.0,1748.0,1503.0,1742.0
580.838269,1510.0,1504.0,1506.0,1732.0,1502.0,1749.0,1501.0,1741.0
581.315088,1497.0,1500.0,1503.0,1725.0,1500.0,1740.0,1502.0,1738.0
581.791942,1500.0,1505.0,1503.0,1728.0,1502.0,1744.0,1505.0,1740.0
582.268832,1504.0,1503.0,1503.0,1719.0,1499.0,1739.0,1503.0,1735.0
582.745758,1501.0,1503.0,1506.0,1726.0,1502.0,1742.0,1501.0,1741.0
583.222719,1499.0,1500.0,1500.0,1718.0,1498.0,1739.0,1501.0,1734.0
583.699717,1506.0,1503.0,1500.0,1724.0,1505.0,1741.0,1503.0,1731.0
584.176749,1503.0,1507.0,1507.0,1722.0,1499.0,1736.0,1499.0,1735.0
584.653818,1500.0,1501.0,1501.0,1714.0,1501.0,1735.0,1500.0,1729.0
585.130922,1503.0,1503.0,1505.0,1719.0,1502.0,1738.0,1503.0,1734.0
585.608062,1498.0,1501.0,1502.0,1722.0,1501.0,1733.0,1499.0,1730.0
586.085238,1501.0,1502.0,1506.0,1717.0,1497.0,1735.0,1502.0,1728.0
586.562449,1499.0,1507.0,1504.0,1719.0,1504.0,1734.0,1504.0,1731.0
587.039696,1498.0,1502.0,1503.0,1711.0,1499.0,1731.0,1499.0,1729.0
587.516979,1500.0,1504.0,1503.0,1710.0,1504.0,1730.0,1498.0,1726.0
587.994297,1502.0,1503.0,1506.0,1714.0,1503.0,1729.0,1501.0,1729.0
588.471651,1504.0,1500.0,1503.0,1708.0,1500.0,1729.0,1500.0,1725.0
588.949041,1498.0,1505.0,1502.0,1715.0,1501.0,1730.0,1503.0,1724.0
589.426466,1502.0,1501.0,1500.0,1710.0,1499.0,1735.0,1503.0,1729.0
589.903928,1501.0,1502.0,1507.0,1709.0,1499.0,1727.0,1502.0,1722.0
590.381425,1503.0,1502.0,1499.0,1701.0,1498.0,1724.0,1498.0,1717.0
590.858957,1504.0,1501.0,1502.0,1710.0,1499.0,1729.0,1503.0,1725.0
591.336526,1502.0,1502.0,1500.0,1708.0,1504.0,1719.0,1501.0,1716.0
591.814130,1500.0,1504.0,1507.0,1711.0,1505.0,1734.0,1503.0,1723.0
592.291769,1501.0,1500.0,1505.0,1712.0,1505.0,1729.0,1505.0,1726.0
592.769445,1502.0,1499.0,1504.0,1707.0,1501.0,1723.0,1501.0,1716.0
593.247156,1502.0,1498.0,1503.0,1706.0,1503.0,1720.0,1498.0,1719.0
593.724903,1504.0,1506.0,1502.0,1712.0,1501.0,1730.0,1502.0,1721.0
594.202685,1494.0,1502.0,1505.0,1705.0,1499.0,1722.0,1498.0,1715.0
594.680503,1502.0,1504.0,1501.0,1702.0,1499.0,1722.0,1502.0,1720.0
595.158357,1499.0,1501.0,1499.0,1699.0,1499.0,1711.0,1498.0,1709.0
595.636247,1502.0,1501.0,1502.0,1705.0,1500.0,1721.0,1500.0,1717.0
596.114172,1503.0,1508.0,1500.0,1701.0,1501.0,1723.0,1499.0,1714.0
596.592133,1493.0,1493.0,1494.0,1695.0,1497.0,1710.0,1497.0,1705.0
597.070130,1504.0,1503.0,1505.0,1705.0,1502.0,1718.0,1501.0,1713.0
597.548163,1502.0,1503.0,1504.0,1701.0,1500.0,1713.0,1501.0,1708.0
598.026231,1502.0,1501.0,1500.0,1696.0,1499.0,1718.0,1495.0,1707.0
598.504335,1505.0,1505.0,1504.0,1697.0,1504.0,1713.0,1503.0,1715.0
598.982474,1501.0,1504.0,1503.0,1698.0,1502.0,1713.0,1504.0,1704.0
599.460649,1503.0,1502.0,1507.0,1694.0,1500.0,1706.0,1502.0,1702.0
599.938860,1503.0,1499.0,1500.0,1691.0,1500.0,1707.0,1503.0,1703.0
600.417107,1501.0,1503.0,1502.0,1687.0,1501.0,1708.0,1498.0,1704.0
600.895390,1502.0,1502.0,1500.0,1688.0,1499.0,1706.0,1496.0,1703.0
601.373708,1503.0,1503.0,1501.0,1687.0,1502.0,1702.0,1505.0,1701.0
601.852061,1500.0,1502.0,1502.0,1684.0,1501.0,1701.0,1499.0,1694.0
602.330451,1507.0,1502.0,1502.0,1684.0,1504.0,1701.0,1500.0,1696.0
602.808876,1502.0,1504.0,1502.0,1682.0,1500.0,1695.0,1499.0,1692.0
603.287337,1502.0,1508.0,1507.0,1684.0,1499.0,1698.0,1500.0,1691.0
603.765834,1500.0,1505.0,1504.0,1687.0,1505.0,1696.0,1501.0,1696.0
604.244366,1504.0,1503.0,1501.0,1677.0,1499.0,1692.0,1500.0,1691.0
604.722934,1501.0,1504.0,1502.0,1675.0,1500.0,1692.0,1498.0,1687.0
605.201538,1502.0,1500.0,1501.0,1677.0,1498.0,1692.0,1502.0,1684.0
605.680178,1503.0,1502.0,1503.0,1674.0,1503.0,1690.0,1499.0,1688.0
606.158853,1503.0,1499.0,1506.0,1672.0,1501.0,1684.0,1498.0,1682.0
606.637564,1502.0,1499.0,1500.0,1667.0,1498.0,1682.0,1500.0,1678.0
607.116310,1505.0,1503.0,1503.0,1669.0,1501.0,1682.0,1501.0,1679.0
607.595093,1505.0,1508.0,1502.0,1669.0,1501.0,1683.0,1504.0,1679.0
608.073911,1497.0,1497.0,1500.0,1665.0,1497.0,1681.0,1498.0,1676.0
608.552765,1502.0,1504.0,1501.0,1662.0,1501.0,1677.0,1500.0,1676.0
609.031654,1500.0,1498.0,1501.0,1665.0,1494.0,1681.0,1500.0,1670.0
609.510579,1505.0,1503.0,1506.0,1663.0,1500.0,1675.0,1502.0,1672.0
609.989540,1503.0,1500.0,1501.0,1656.0,1498.0,1672.0,1497.0,1673.0
610.468537,1499.0,1495.0,1496.0,1657.0,1494.0,1669.0,1497.0,1669.0
610.947569,1499.0,1500.0,1501.0,1660.0,1501.0,1670.0,1498.0,1673.0
611.426637,1499.0,1504.0,1502.0,1661.0,1492.0,1676.0,1499.0,1667.0
611.905741,1501.0,1507.0,1505.0,1657.0,1499.0,1670.0,1501.0,1674.0
612.384881,1503.0,1505.0,1498.0,1655.0,1498.0,1669.0,1500.0,1664.0
612.864056,1500.0,1505.0,1503.0,1659.0,1506.0,1674.0,1499.0,1669.0
613.343267,1501.0,1500.0,1500.0,1653.0,1502.0,1669.0,1500.0,1667.0
613.822513,1504.0,1505.0,1500.0,1655.0,1498.0,1668.0,1499.0,1664.0
614.301796,1501.0,1504.0,1503.0,1655.0,1503.0,1668.0,1504.0,1668.0
614.781114,1500.0,1503.0,1505.0,1654.0,1502.0,1667.0,1501.0,1664.0
615.260468,1497.0,1498.0,1502.0,1653.0,1500.0,1664.0,1503.0,1661.0
615.739857,1498.0,1498.0,1496.0,1648.0,1499.0,1662.0,1497.0,1664.0
616.219282,1504.0,1503.0,1503.0,1650.0,1498.0,1663.0,1499.0,1661.0
616.698743,1502.0,1503.0,1506.0,1647.0,1498.0,1661.0,1501.0,1660.0
617.178240,1501.0,1504.0,1503.0,1655.0,1504.0,1663.0,1496.0,1662.0
617.657772,1505.0,1502.0,1505.0,1652.0,1503.0,1661.0,1498.0,1660.0
618.137341,1499.0,1498.0,1503.0,1650.0,1497.0,1658.0,1502.0,1658.0
618.616944,1501.0,1509.0,1503.0,1645.0,1499.0,1657.0,1497.0,1655.0
619.096584,1500.0,1500.0,1502.0,1644.0,1502.0,1661.0,1503.0,1658.0
619.576259,1499.0,1504.0,1501.0,1650.0,1502.0,1656.0,1498.0,1657.0
620.055970,1505.0,1502.0,1506.0,1646.0,1503.0,1663.0,1504.0,1656.0
620.535717,1501.0,1503.0,1502.0,1643.0,1500.0,1654.0,1498.0,1653.0
621.015499,1498.0,1500.0,1502.0,1642.0,1499.0,1655.0,1497.0,1651.0
621.495318,1505.0,1503.0,1503.0,1639.0,1504.0,1652.0,1503.0,1652.0
621.975171,1500.0,1503.0,1502.0,1640.0,1501.0,1653.0,1498.0,1650.0
622.455061,1502.0,1502.0,1505.0,1642.0,1503.0,1657.0,1504.0,1650.0
622.934986,1498.0,1503.0,1502.0,1639.0,1499.0,1652.0,1500.0,1648.0
623.414947,1505.0,1504.0,1500.0,1643.0,1502.0,1652.0,1507.0,1649.0
623.894944,1495.0,1499.0,1502.0,1636.0,1504.0,1647.0,1500.0,1646.0
624.374977,1500.0,1500.0,1506.0,1641.0,1503.0,1654.0,1505.0,1651.0
624.855045,1499.0,1500.0,1500.0,1642.0,1500.0,1649.0,1498.0,1644.0
625.335149,1506.0,1501.0,1501.0,1642.0,1500.0,1650.0,1500.0,1645.0
625.815289,1505.0,1503.0,1504.0,1636.0,1500.0,1645.0,1496.0,1642.0
626.295464,1503.0,1505.0,1502.0,1632.0,1501.0,1643.0,1500.0,1639.0
626.775675,1497.0,1499.0,1500.0,1632.0,1501.0,1643.0,1496.0,1641.0
627.255922,1504.0,1504.0,1505.0,1638.0,1504.0,1647.0,1502.0,1643.0
627.736205,1495.0,1499.0,1503.0,1633.0,1495.0,1644.0,1501.0,1637.0
628.216523,1500.0,1503.0,1503.0,1631.0,1497.0,1640.0,1495.0,1640.0
628.696877,1505.0,1497.0,1507.0,1633.0,1502.0,1641.0,1505.0,1643.0
629.177267,1500.0,1500.0,1504.0,1631.0,1500.0,1639.0,1502.0,1636.0
629.657692,1498.0,1500.0,1500.0,1628.0,1500.0,1637.0,1499.0,1634.0
630.138153,1507.0,1506.0,1504.0,1632.0,1505.0,1642.0,1503.0,1640.0
630.618650,1496.0,1500.0,1500.0,1627.0,1498.0,1638.0,1497.0,1633.0
631.099183,1503.0,1499.0,1508.0,1633.0,1498.0,1638.0,1501.0,1632.0
631.579751,1498.0,1497.0,1496.0,1626.0,1499.0,1636.0,1501.0,1634.0
632.060356,1502.0,1504.0,1504.0,1632.0,1497.0,1641.0,1497.0,1636.0
632.540995,1503.0,1503.0,1507.0,1634.0,1500.0,1645.0,1501.0,1636.0
633.021671,1500.0,1501.0,1506.0,1630.0,1505.0,1636.0,1503.0,1636.0
633.502382,1505.0,1501.0,1502.0,1625.0,1499.0,1633.0,1498.0,1632.0
633.983129,1500.0,1495.0,1503.0,1629.0,1498.0,1643.0,1500.0,1632.0
634.463912,1502.0,1501.0,1503.0,1629.0,1498.0,1636.0,1495.0,1634.0
634.944731,1499.0,1503.0,1497.0,1626.0,1497.0,1634.0,1500.0,1635.0
635.425585,1505.0,1501.0,1501.0,1626.0,1498.0,1639.0,1498.0,1637.0
635.906475,1499.0,1499.0,1504.0,1626.0,1500.0,1639.0,1501.0,1637.0
636.387401,1501.0,1501.0,1504.0,1632.0,1504.0,1643.0,1505.0,1637.0
636.868362,1500.0,1502.0,1505.0,1628.0,1501.0,1641.0,1499.0,1638.0
637.349359,1502.0,1498.0,1503.0,1632.0,1501.0,1644.0,1498.0,1635.0
637.830392,1503.0,1501.0,1499.0,1628.0,1497.0,1633.0,1497.0,1633.0
638.311461,1503.0,1503.0,1503.0,1636.0,1502.0,1645.0,1500.0,1641.0
638.792565,1499.0,1506.0,1501.0,1634.0,1503.0,1644.0,1501.0,1640.0
639.273705,1506.0,1504.0,1506.0,1638.0,1500.0,1645.0,1501.0,1640.0
639.754881,1504.0,1501.0,1503.0,1636.0,1500.0,1647.0,1501.0,1640.0
640.236093,1500.0,1505.0,1503.0,1637.0,1500.0,1648.0,1503.0,1644.0
640.717340,1496.0,1503.0,1494.0,1638.0,1501.0,1647.0,1500.0,1645.0
641.198623,1498.0,1504.0,1501.0,1642.0,1503.0,1648.0,1500.0,1648.0
641.679942,1507.0,1504.0,1501.0,1639.0,1501.0,1650.0,1502.0,1649.0
642.161297,1499.0,1502.0,1505.0,1647.0,1501.0,1657.0,1497.0,1652.0
642.642687,1506.0,1503.0,1502.0,1649.0,1503.0,1662.0,1500.0,1661.0
643.124113,1497.0,1497.0,1495.0,1645.0,1495.0,1655.0,1496.0,1657.0
643.605575,1504.0,1500.0,1503.0,1661.0,1499.0,1668.0,1503.0,1665.0
644.087072,1502.0,1503.0,1502.0,1664.0,1504.0,1670.0,1504.0,1668.0
644.568605,1500.0,1500.0,1507.0,1663.0,1500.0,1676.0,1500.0,1670.0
645.050174,1500.0,1494.0,1497.0,1662.0,1493.0,1681.0,1495.0,1676.0
645.531779,1508.0,1501.0,1503.0,1673.0,1503.0,1683.0,1498.0,1678.0
646.013419,1501.0,1503.0,1501.0,1680.0,1501.0,1691.0,1498.0,1690.0
646.495095,1496.0,1505.0,1500.0,1680.0,1496.0,1699.0,1497.0,1696.0
646.976807,1501.0,1501.0,1502.0,1695.0,1499.0,1709.0,1500.0,1704.0
647.458555,1503.0,1503.0,1502.0,1700.0,1496.0,1713.0,1496.0,1711.0
647.940338,1501.0,1505.0,1504.0,1712.0,1503.0,1725.0,1501.0,1723.0
648.422158,1504.0,1506.0,1499.0,1715.0,1497.0,1738.0,1500.0,1733.0
648.904012,1496.0,1504.0,1501.0,1730.0,1497.0,1744.0,1498.0,1739.0
649.385903,1498.0,1501.0,1502.0,1749.0,1500.0,1762.0,1502.0,1754.0
649.867829,1404.0,1404.0,1430.0,1684.0,1429.0,1708.0,1434.0,1695.0
650.349792,1503.0,1504.0,1502.0,1765.0,1505.0,1787.0,1502.0,1781.0
650.831789,1504.0,1503.0,1502.0,1785.0,1502.0,1805.0,1501.0,1797.0
651.313823,1504.0,1503.0,1504.0,1801.0,1503.0,1825.0,1499.0,1814.0
651.795892,1504.0,1503.0,1502.0,1817.0,1497.0,1839.0,1501.0,1828.0
652.277997,1502.0,1508.0,1504.0,1837.0,1503.0,1864.0,1498.0,1854.0
652.760138,1498.0,1503.0,1508.0,1856.0,1502.0,1883.0,1502.0,1873.0
653.242315,1496.0,1497.0,1499.0,1883.0,1499.0,1906.0,1497.0,1905.0
653.724527,1500.0,1503.0,1501.0,1905.0,1498.0,1929.0,1501.0,1920.0
654.206775,1501.0,1505.0,1503.0,1937.0,1498.0,1969.0,1499.0,1955.0
654.689059,1500.0,1507.0,1508.0,1963.0,1505.0,2003.0,1503.0,1988.0
655.171378,1501.0,1509.0,1497.0,1990.0,1503.0,2029.0,1497.0,2016.0
655.653734,1503.0,1505.0,1502.0,2028.0,1502.0,2063.0,1502.0,2056.0
656.136125,1507.0,1503.0,1505.0,2067.0,1501.0,2112.0,1498.0,2099.0
656.618551,1499.0,1499.0,1503.0,2099.0,1499.0,2143.0,1501.0,2133.0
657.101014,1500.0,1504.0,1502.0,2142.0,1500.0,2193.0,1503.0,2173.0
657.583512,1501.0,1502.0,1504.0,2194.0,1504.0,2241.0,1501.0,2227.0
658.066046,1501.0,1506.0,1504.0,2243.0,1504.0,2293.0,1504.0,2281.0
658.548616,1503.0,1503.0,1498.0,2306.0,1504.0,2366.0,1500.0,2342.0
659.031222,1497.0,1499.0,1500.0,2350.0,1495.0,2417.0,1502.0,2397.0
659.513863,1501.0,1505.0,1503.0,2421.0,1498.0,2485.0,1500.0,2466.0
659.996540,1502.0,1501.0,1505.0,2484.0,1499.0,2550.0,1503.0,2532.0
660.479253,1502.0,1501.0,1505.0,2546.0,1501.0,2622.0,1501.0,2606.0
660.962001,1500.0,1505.0,1505.0,2629.0,1502.0,2714.0,1502.0,2688.0
661.444785,1502.0,1502.0,1505.0,2700.0,1503.0,2787.0,1501.0,2762.0
661.927605,1502.0,1502.0,1502.0,2791.0,1495.0,2882.0,1498.0,2856.0
662.410461,1501.0,1502.0,1499.0,2865.0,1500.0,2969.0,1503.0,2940.0
662.893353,1503.0,1498.0,1500.0,2949.0,1499.0,3065.0,1500.0,3028.0
663.376280,1500.0,1503.0,1501.0,3055.0,1499.0,3167.0,1498.0,3137.0
663.859243,1501.0,1503.0,1509.0,3158.0,1502.0,3272.0,1499.0,3238.0
664.342242,1500.0,1500.0,1506.0,3238.0,1501.0,3364.0,1502.0,3330.0
664.825276,1507.0,1503.0,1503.0,3362.0,1495.0,3488.0,1500.0,3454.0
665.308346,1502.0,1504.0,1500.0,3446.0,1502.0,3588.0,1499.0,3548.0
665.791452,1499.0,1497.0,1505.0,3549.0,1501.0,3695.0,1504.0,3662.0
666.274594,1501.0,1504.0,1505.0,3657.0,1499.0,3814.0,1501.0,3775.0
666.757772,1501.0,1502.0,1506.0,3757.0,1500.0,3919.0,1500.0,3877.0
667.240985,1506.0,1504.0,1505.0,3868.0,1498.0,4032.0,1502.0,3994.0
667.724234,1505.0,1503.0,1508.0,3960.0,1498.0,4134.0,1498.0,4100.0
668.207519,1503.0,1501.0,1498.0,4070.0,1497.0,4252.0,1501.0,4199.0
668.690839,1502.0,1503.0,1504.0,4147.0,1502.0,4325.0,1499.0,4278.0
669.174195,1503.0,1503.0,1505.0,4287.0,1501.0,4476.0,1497.0,4427.0
669.657588,1500.0,1499.0,1503.0,4351.0,1499.0,4558.0,1496.0,4506.0
670.141015,1503.0,1504.0,1503.0,4422.0,1498.0,4621.0,1498.0,4570.0
670.624479,1499.0,1504.0,1508.0,4494.0,1500.0,4700.0,1502.0,4650.0
671.107978,1500.0,1502.0,1506.0,4588.0,1502.0,4792.0,1504.0,4740.0
671.591513,1501.0,1500.0,1505.0,4643.0,1498.0,4849.0,1499.0,4799.0
672.075084,1504.0,1509.0,1505.0,4668.0,1504.0,4884.0,1502.0,4823.0
672.558691,1504.0,1507.0,1504.0,4721.0,1504.0,4940.0,1501.0,4892.0
673.042333,1505.0,1502.0,1507.0,4754.0,1499.0,4975.0,1497.0,4930.0
673.526011,1502.0,1505.0,1506.0,4772.0,1504.0,4993.0,1500.0,4938.0
674.009725,1502.0,1503.0,1503.0,4812.0,1504.0,5039.0,1501.0,4980.0
674.493475,1496.0,1499.0,1503.0,4787.0,1494.0,4999.0,1499.0,4961.0
674.977260,1501.0,1503.0,1505.0,4796.0,1497.0,5013.0,1502.0,4957.0
675.461081,1502.0,1505.0,1503.0,4770.0,1506.0,4987.0,1503.0,4942.0
675.944938,1508.0,1501.0,1503.0,4724.0,1498.0,4937.0,1502.0,4896.0
676.428831,1501.0,1504.0,1507.0,4744.0,1500.0,4952.0,1501.0,4906.0
676.912759,1502.0,1507.0,1503.0,4650.0,1499.0,4847.0,1502.0,4812.0
677.396723,1504.0,1504.0,1504.0,4645.0,1504.0,4853.0,1500.0,4805.0
677.880723,1501.0,1504.0,1501.0,4567.0,1501.0,4760.0,1499.0,4717.0
678.364759,1501.0,1506.0,1503.0,4522.0,1500.0,4717.0,1502.0,4671.0
678.848830,1503.0,1507.0,1501.0,4428.0,1502.0,4614.0,1503.0,4585.0
679.332937,1506.0,1506.0,1501.0,4385.0,1505.0,4579.0,1501.0,4537.0
679.817080,1504.0,1508.0,1504.0,4297.0,1503.0,4471.0,1501.0,4438.0
680.301259,1500.0,1503.0,1507.0,4217.0,1503.0,4406.0,1499.0,4370.0
680.785474,1505.0,1503.0,1506.0,4133.0,1497.0,4306.0,1499.0,4267.0
681.269724,1503.0,1502.0,1504.0,4070.0,1504.0,4240.0,1503.0,4203.0
681.754010,1502.0,1504.0,1504.0,3971.0,1508.0,4138.0,1503.0,4106.0
682.238332,1502.0,1501.0,1505.0,3893.0,1500.0,4053.0,1496.0,4021.0
682.722689,1498.0,1505.0,1508.0,3837.0,1499.0,3993.0,1503.0,3958.0
683.207083,1504.0,1501.0,1505.0,3748.0,1497.0,3895.0,1501.0,3857.0
683.691512,1503.0,1501.0,1501.0,3683.0,1507.0,3825.0,1503.0,3797.0
684.175977,1503.0,1503.0,1500.0,3571.0,1498.0,3702.0,1498.0,3678.0
684.660477,1500.0,1502.0,1503.0,3523.0,1502.0,3659.0,1500.0,3625.0
685.145014,1498.0,1504.0,1506.0,3429.0,1504.0,3554.0,1501.0,3524.0
685.629586,1504.0,1505.0,1508.0,3351.0,1503.0,3470.0,1501.0,3452.0
686.114194,1506.0,1503.0,1503.0,3302.0,1496.0,3420.0,1504.0,3395.0
686.598837,1506.0,1500.0,1505.0,3236.0,1504.0,3345.0,1500.0,3318.0
687.083517,1498.0,1503.0,1503.0,3156.0,1501.0,3261.0,1500.0,3244.0
687.568232,1502.0,1504.0,1508.0,3110.0,1505.0,3213.0,1500.0,3188.0
688.052983,1503.0,1499.0,1506.0,3031.0,1500.0,3133.0,1504.0,3107.0
688.537770,1502.0,1501.0,1499.0,2987.0,1498.0,3083.0,1496.0,3062.0
689.022592,1500.0,1503.0,1505.0,2937.0,1500.0,3032.0,1498.0,3010.0
689.507450,1499.0,1504.0,1505.0,2888.0,1500.0,2982.0,1503.0,2963.0
689.992344,1496.0,1495.0,1500.0,2838.0,1494.0,2920.0,1499.0,2903.0
690.477274,1501.0,1505.0,1503.0,2793.0,1503.0,2881.0,1503.0,2862.0
690.962240,1500.0,1498.0,1505.0,2758.0,1501.0,2832.0,1502.0,2818.0
691.447241,1503.0,1503.0,1502.0,2705.0,1503.0,2787.0,1499.0,2768.0
691.932278,1502.0,1503.0,1504.0,2679.0,1503.0,2754.0,1496.0,2736.0
692.417351,1500.0,1504.0,1503.0,2641.0,1499.0,2709.0,1502.0,2691.0
692.902460,1500.0,1499.0,1501.0,2610.0,1500.0,2679.0,1501.0,2664.0
693.387604,1502.0,1502.0,1503.0,2578.0,1499.0,2648.0,1495.0,2633.0
693.872785,1504.0,1503.0,1502.0,2548.0,1498.0,2612.0,1499.0,2592.0
694.358001,1501.0,1507.0,1508.0,2535.0,1501.0,2600.0,1501.0,2582.0
694.843252,1498.0,1503.0,1503.0,2497.0,1499.0,2560.0,1503.0,2545.0
695.328540,1500.0,1501.0,1501.0,2473.0,1499.0,2538.0,1503.0,2522.0
695.813863,1501.0,1503.0,1497.0,2448.0,1503.0,2511.0,1500.0,2495.0
696.299222,1503.0,1500.0,1503.0,2430.0,1503.0,2487.0,1497.0,2479.0
696.784617,1502.0,1505.0,1504.0,2417.0,1500.0,2469.0,1501.0,2460.0
697.270048,1501.0,1504.0,1504.0,2393.0,1498.0,2446.0,1497.0,2438.0
697.755514,1496.0,1502.0,1500.0,2383.0,1494.0,2437.0,1502.0,2421.0
698.241016,1501.0,1502.0,1501.0,2357.0,1497.0,2408.0,1498.0,2401.0
698.726554,1498.0,1506.0,1499.0,2355.0,1503.0,2406.0,1502.0,2400.0
699.212128,1501.0,1508.0,1501.0,2335.0,1502.0,2389.0,1501.0,2377.0
699.697737,1501.0,1502.0,1501.0,2324.0,1500.0,2380.0,1502.0,2365.0
700.183383,1502.0,1504.0,1501.0,2313.0,1502.0,2366.0,1504.0,2355.0
700.669064,1498.0,1494.0,1501.0,2308.0,1498.0,2360.0,1497.0,2348.0
701.154781,1501.0,1506.0,1501.0,2295.0,1499.0,2340.0,1501.0,2332.0
701.640533,1503.0,1509.0,1500.0,2293.0,1501.0,2340.0,1502.0,2329.0
702.126322,1500.0,1504.0,1503.0,2276.0,1500.0,2326.0,1504.0,2317.0
702.612146,1501.0,1500.0,1500.0,2274.0,1500.0,2320.0,1500.0,2308.0
703.098006,1505.0,1502.0,1503.0,2268.0,1503.0,2319.0,1504.0,2310.0
703.583901,1503.0,1506.0,1504.0,2258.0,1498.0,2305.0,1501.0,2296.0
704.069833,1501.0,1502.0,1508.0,2256.0,1504.0,2302.0,1505.0,2293.0
704.555800,1503.0,1502.0,1500.0,2245.0,1501.0,2298.0,1500.0,2284.0
705.041803,1501.0,1500.0,1502.0,2250.0,1502.0,2295.0,1503.0,2280.0
705.527842,1501.0,1498.0,1503.0,2238.0,1500.0,2286.0,1499.0,2277.0
706.013917,1501.0,1501.0,1500.0,2237.0,1499.0,2281.0,1496.0,2272.0
706.500027,1503.0,1504.0,1506.0,2243.0,1499.0,2283.0,1497.0,2272.0
706.986173,1506.0,1503.0,1508.0,2238.0,1497.0,2278.0,1501.0,2270.0
707.472355,1505.0,1501.0,1504.0,2235.0,1503.0,2279.0,1501.0,2270.0
707.958573,1503.0,1502.0,1503.0,2224.0,1496.0,2275.0,1495.0,2262.0
708.444826,1498.0,1501.0,1500.0,2233.0,1500.0,2279.0,1502.0,2263.0
708.931116,1502.0,1503.0,1502.0,2214.0,1497.0,2262.0,1505.0,2241.0
709.417441,1504.0,1506.0,1504.0,2218.0,1501.0,2267.0,1504.0,2251.0
709.903802,1502.0,1498.0,1499.0,2221.0,1501.0,2269.0,1499.0,2257.0
710.390198,1501.0,1499.0,1501.0,2215.0,1498.0,2259.0,1501.0,2247.0
710.876631,1501.0,1501.0,1504.0,2217.0,1502.0,2262.0,1501.0,2249.0
711.363099,1503.0,1504.0,1506.0,2215.0,1504.0,2262.0,1503.0,2245.0
711.849603,1504.0,1503.0,1504.0,2216.0,1504.0,2256.0,1499.0,2247.0
712.336143,1510.0,1503.0,1503.0,2216.0,1500.0,2265.0,1500.0,2249.0
712.822718,1500.0,1498.0,1502.0,2211.0,1498.0,2252.0,1494.0,2246.0
713.309330,1500.0,1501.0,1502.0,2217.0,1499.0,2266.0,1500.0,2257.0
713.795977,1501.0,1507.0,1502.0,2219.0,1500.0,2264.0,1502.0,2250.0
714.282660,1499.0,1504.0,1502.0,2223.0,1500.0,2267.0,1503.0,2254.0
714.769378,1499.0,1502.0,1504.0,2211.0,1502.0,2260.0,1500.0,2248.0
715.256133,1502.0,1500.0,1502.0,2213.0,1503.0,2261.0,1503.0,2237.0
715.742923,1503.0,1504.0,1501.0,2216.0,1506.0,2259.0,1503.0,2243.0
716.229749,1504.0,1503.0,1504.0,2212.0,1504.0,2259.0,1499.0,2248.0
716.716611,1501.0,1504.0,1507.0,2223.0,1499.0,2262.0,1500.0,2251.0
717.203509,1499.0,1504.0,1503.0,2220.0,1497.0,2263.0,1498.0,2256.0
717.690442,1502.0,1504.0,1505.0,2221.0,1506.0,2261.0,1505.0,2247.0
718.177411,1502.0,1501.0,1505.0,2215.0,1500.0,2250.0,1500.0,2241.0
718.664416,1503.0,1505.0,1503.0,2224.0,1499.0,2268.0,1498.0,2258.0
719.151457,1502.0,1500.0,1503.0,2221.0,1503.0,2271.0,1504.0,2257.0
719.638534,1503.0,1502.0,1504.0,2225.0,1501.0,2257.0,1504.0,2250.0
720.125646,1500.0,1504.0,1508.0,2216.0,1502.0,2255.0,1500.0,2247.0
720.612794,1501.0,1502.0,1501.0,2229.0,1497.0,2274.0,1499.0,2264.0
721.099978,1500.0,1504.0,1502.0,2206.0,1501.0,2250.0,1503.0,2243.0
721.587198,1500.0,1500.0,1505.0,2218.0,1504.0,2265.0,1502.0,2251.0
722.074453,1502.0,1503.0,1501.0,2210.0,1501.0,2254.0,1500.0,2241.0
722.561745,1503.0,1503.0,1508.0,2217.0,1506.0,2265.0,1503.0,2249.0
723.049072,1500.0,1500.0,1502.0,2209.0,1501.0,2244.0,1497.0,2243.0
723.536435,1500.0,1501.0,1503.0,2210.0,1502.0,2249.0,1499.0,2249.0
724.023833,1504.0,1504.0,1505.0,2204.0,1499.0,2245.0,1506.0,2234.0
724.511268,1503.0,1502.0,1502.0,2208.0,1500.0,2250.0,1500.0,2237.0
724.998738,1504.0,1502.0,1506.0,2212.0,1504.0,2254.0,1502.0,2242.0
725.486244,1503.0,1501.0,1504.0,2199.0,1502.0,2247.0,1500.0,2231.0
725.973786,1504.0,1504.0,1502.0,2192.0,1502.0,2227.0,1507.0,2223.0
726.461364,1503.0,1504.0,1507.0,2187.0,1503.0,2230.0,1504.0,2221.0
726.948977,1501.0,1500.0,1506.0,2183.0,1504.0,2226.0,1499.0,2214.0
727.436626,1500.0,1505.0,1504.0,2174.0,1500.0,2222.0,1500.0,2211.0
727.924311,1500.0,1503.0,1501.0,2174.0,1497.0,2206.0,1498.0,2204.0
728.412032,1502.0,1504.0,1505.0,2171.0,1502.0,2209.0,1502.0,2202.0
728.899789,1503.0,1505.0,1506.0,2162.0,1501.0,2202.0,1500.0,2195.0
729.387581,1501.0,1503.0,1505.0,2156.0,1506.0,2194.0,1505.0,2183.0
729.875409,1506.0,1501.0,1506.0,2144.0,1501.0,2187.0,1502.0,2176.0
730.363273,1501.0,1504.0,1502.0,2143.0,1502.0,2176.0,1506.0,2172.0
730.851173,1502.0,1505.0,1504.0,2133.0,1500.0,2167.0,1500.0,2162.0
731.339109,1502.0,1506.0,1505.0,2122.0,1499.0,2156.0,1502.0,2149.0
731.827080,1502.0,1505.0,1504.0,2120.0,1500.0,2159.0,1500.0,2151.0
732.315087,1499.0,1502.0,1502.0,2110.0,1502.0,2148.0,1498.0,2140.0
732.803130,1503.0,1501.0,1501.0,2097.0,1504.0,2130.0,1500.0,2123.0
733.291209,1504.0,1503.0,1506.0,2085.0,1502.0,2121.0,1498.0,2113.0
733.779324,1496.0,1505.0,1504.0,2081.0,1499.0,2122.0,1498.0,2113.0
734.267474,1502.0,1499.0,1505.0,2075.0,1501.0,2105.0,1500.0,2097.0
734.755660,1504.0,1503.0,1507.0,2071.0,1503.0,2097.0,1505.0,2091.0
735.243882,1504.0,1505.0,1500.0,2052.0,1503.0,2090.0,1499.0,2078.0
735.732140,1499.0,1508.0,1507.0,2050.0,1500.0,2081.0,1502.0,2074.0
736.220434,1502.0,1503.0,1503.0,2035.0,1502.0,2066.0,1505.0,2056.0
736.708763,1505.0,1501.0,1504.0,2030.0,1503.0,2066.0,1504.0,2054.0
737.197128,1504.0,1503.0,1506.0,2021.0,1502.0,2054.0,1503.0,2050.0
737.685529,1500.0,1506.0,1506.0,2011.0,1500.0,2042.0,1501.0,2036.0
738.173966,1502.0,1504.0,1505.0,2005.0,1502.0,2032.0,1503.0,2030.0
738.662439,1502.0,1501.0,1506.0,1992.0,1501.0,2017.0,1501.0,2014.0
739.150947,1500.0,1501.0,1500.0,1984.0,1497.0,2009.0,1498.0,2005.0
739.639491,1501.0,1501.0,1499.0,1974.0,1500.0,2000.0,1501.0,1998.0
740.128071,1499.0,1505.0,1503.0,1967.0,1506.0,1992.0,1500.0,1984.0
740.616687,1499.0,1503.0,1500.0,1959.0,1499.0,1983.0,1499.0,1975.0
741.105339,1503.0,1498.0,1505.0,1952.0,1503.0,1975.0,1503.0,1971.0
741.594026,1502.0,1506.0,1505.0,1940.0,1503.0,1966.0,1500.0,1962.0
742.082749,1500.0,1502.0,1501.0,1931.0,1504.0,1955.0,1498.0,1950.0
742.571508,1505.0,1505.0,1501.0,1924.0,1499.0,1950.0,1501.0,1942.0
743.060303,1499.0,1504.0,1505.0,1915.0,1502.0,1943.0,1501.0,1936.0
743.549134,1503.0,1504.0,1504.0,1913.0,1500.0,1938.0,1503.0,1928.0
744.038000,1506.0,1504.0,1501.0,1901.0,1501.0,1927.0,1503.0,1925.0
744.526902,1503.0,1502.0,1503.0,1895.0,1502.0,1919.0,1503.0,1920.0
745.015840,1501.0,1503.0,1499.0,1883.0,1498.0,1907.0,1500.0,1902.0
745.504814,1503.0,1503.0,1503.0,1879.0,1504.0,1894.0,1500.0,1892.0
745.993824,1498.0,1502.0,1507.0,1876.0,1501.0,1899.0,1494.0,1895.0
746.482869,1508.0,1501.0,1502.0,1869.0,1501.0,1886.0,1499.0,1886.0
746.971951,1502.0,1505.0,1502.0,1859.0,1502.0,1875.0,1501.0,1873.0
747.461068,1499.0,1501.0,1504.0,1855.0,1501.0,1875.0,1498.0,1869.0
747.950221,1503.0,1500.0,1503.0,1846.0,1497.0,1871.0,1500.0,1862.0
748.439409,1506.0,1502.0,1505.0,1842.0,1502.0,1859.0,1500.0,1854.0
748.928634,1502.0,1503.0,1504.0,1831.0,1502.0,1853.0,1500.0,1848.0
749.417894,1499.0,1505.0,1504.0,1827.0,1501.0,1848.0,1503.0,1849.0
749.907190,1499.0,1502.0,1504.0,1820.0,1502.0,1846.0,1500.0,1840.0
750.396522,1500.0,1500.0,1500.0,1815.0,1499.0,1838.0,1498.0,1829.0
750.885890,1502.0,1503.0,1506.0,1808.0,1504.0,1835.0,1500.0,1825.0
751.375294,1508.0,1501.0,1505.0,1808.0,1497.0,1822.0,1505.0,1819.0
751.864733,1503.0,1502.0,1504.0,1804.0,1502.0,1818.0,1500.0,1815.0
752.354208,1503.0,1498.0,1499.0,1788.0,1500.0,1810.0,1500.0,1801.0
752.843719,1502.0,1504.0,1503.0,1789.0,1500.0,1808.0,1499.0,1801.0
753.333266,1505.0,1506.0,1505.0,1781.0,1504.0,1799.0,1501.0,1794.0
753.822849,1503.0,1503.0,1506.0,1783.0,1503.0,1794.0,1498.0,1793.0
754.312467,1507.0,1505.0,1506.0,1775.0,1500.0,1789.0,1500.0,1786.0
754.802121,1503.0,1508.0,1502.0,1768.0,1503.0,1776.0,1498.0,1776.0
755.291811,1504.0,1497.0,1504.0,1761.0,1503.0,1772.0,1498.0,1768.0
755.781537,1499.0,1502.0,1508.0,1758.0,1501.0,1768.0,1508.0,1766.0
756.271299,1502.0,1501.0,1505.0,1752.0,1498.0,1766.0,1500.0,1764.0
756.761096,1501.0,1500.0,1503.0,1739.0,1497.0,1760.0,1498.0,1757.0
757.250930,1504.0,1503.0,1500.0,1740.0,1501.0,1754.0,1500.0,1748.0
757.740799,1506.0,1500.0,1501.0,1728.0,1499.0,1743.0,1498.0,1743.0
758.230704,1502.0,1501.0,1507.0,1734.0,1503.0,1746.0,1501.0,1748.0
758.720644,1503.0,1503.0,1500.0,1722.0,1500.0,1734.0,1498.0,1735.0
759.210621,1504.0,1506.0,1502.0,1720.0,1502.0,1733.0,1500.0,1732.0
759.700633,1503.0,1502.0,1501.0,1720.0,1502.0,1726.0,1500.0,1724.0
760.190682,1503.0,1502.0,1503.0,1713.0,1500.0,1724.0,1501.0,1720.0
760.680766,1505.0,1504.0,1507.0,1711.0,1503.0,1719.0,1502.0,1714.0
761.170885,1505.0,1504.0,1503.0,1704.0,1501.0,1713.0,1503.0,1709.0
761.661041,1500.0,1507.0,1503.0,1694.0,1501.0,1703.0,1503.0,1705.0
762.151232,1504.0,1503.0,1507.0,1699.0,1503.0,1709.0,1505.0,1703.0
762.641460,1500.0,1501.0,1501.0,1687.0,1500.0,1695.0,1502.0,1701.0
763.131723,1496.0,1497.0,1500.0,1683.0,1498.0,1696.0,1501.0,1695.0
763.622022,1501.0,1501.0,1500.0,1685.0,1505.0,1692.0,1499.0,1691.0
764.112357,1501.0,1506.0,1504.0,1680.0,1501.0,1690.0,1500.0,1688.0
764.602727,1504.0,1502.0,1503.0,1677.0,1501.0,1687.0,1504.0,1687.0
765.093133,1504.0,1507.0,1506.0,1675.0,1504.0,1685.0,1504.0,1683.0
765.583576,1503.0,1505.0,1504.0,1669.0,1501.0,1682.0,1502.0,1681.0
766.074054,1503.0,1502.0,1503.0,1663.0,1499.0,1675.0,1502.0,1669.0
766.564568,1507.0,1505.0,1506.0,1665.0,1502.0,1672.0,1501.0,1668.0
767.055117,1500.0,1499.0,1503.0,1658.0,1494.0,1659.0,1503.0,1662.0
767.545703,1505.0,1507.0,1505.0,1654.0,1503.0,1664.0,1500.0,1661.0
768.036324,1503.0,1505.0,1503.0,1655.0,1501.0,1663.0,1505.0,1660.0
768.526981,1499.0,1502.0,1500.0,1649.0,1499.0,1657.0,1503.0,1655.0
769.017674,1501.0,1502.0,1501.0,1647.0,1501.0,1658.0,1500.0,1654.0
769.508403,1502.0,1499.0,1505.0,1644.0,1500.0,1648.0,1499.0,1650.0
769.999167,1500.0,1501.0,1506.0,1640.0,1500.0,1647.0,1503.0,1646.0
770.489968,1506.0,1503.0,1500.0,1641.0,1498.0,1650.0,1501.0,1646.0
770.980804,1498.0,1502.0,1499.0,1639.0,1501.0,1644.0,1500.0,1640.0
771.471676,1504.0,1505.0,1503.0,1631.0,1501.0,1645.0,1499.0,1636.0
771.962584,1500.0,1502.0,1501.0,1629.0,1503.0,1633.0,1498.0,1640.0
772.453528,1502.0,1499.0,1507.0,1628.0,1501.0,1634.0,1498.0,1632.0
772.944507,1503.0,1500.0,1505.0,1633.0,1503.0,1638.0,1504.0,1629.0
773.435523,1502.0,1500.0,1501.0,1624.0,1500.0,1630.0,1498.0,1629.0
773.926574,1503.0,1507.0,1502.0,1624.0,1503.0,1626.0,1500.0,1631.0
774.417661,1504.0,1504.0,1504.0,1623.0,1500.0,1632.0,1501.0,1627.0
774.908784,1501.0,1504.0,1502.0,1622.0,1502.0,1626.0,1501.0,1627.0
775.399942,1504.0,1501.0,1502.0,1620.0,1499.0,1624.0,1503.0,1624.0
775.891137,1504.0,1507.0,1509.0,1617.0,1502.0,1622.0,1502.0,1623.0
776.382367,1507.0,1503.0,1497.0,1609.0,1498.0,1617.0,1497.0,1614.0
776.873633,1505.0,1504.0,1504.0,1611.0,1504.0,1616.0,1503.0,1618.0
777.364935,1504.0,1506.0,1503.0,1607.0,1498.0,1613.0,1502.0,1612.0
777.856273,1506.0,1504.0,1504.0,1609.0,1499.0,1613.0,1503.0,1612.0
778.347647,1499.0,1500.0,1497.0,1605.0,1498.0,1605.0,1499.0,1607.0
778.839056,1504.0,1502.0,1501.0,1604.0,1498.0,1608.0,1498.0,1611.0
779.330501,1501.0,1503.0,1502.0,1603.0,1503.0,1608.0,1506.0,1605.0
779.821982,1502.0,1509.0,1505.0,1602.0,1501.0,1608.0,1502.0,1605.0
780.313499,1502.0,1507.0,1503.0,1603.0,1500.0,1606.0,1497.0,1603.0
780.805052,1503.0,1506.0,1505.0,1599.0,1501.0,1605.0,1496.0,1604.0
781.296641,1504.0,1504.0,1505.0,1597.0,1503.0,1600.0,1500.0,1599.0
781.788265,1503.0,1499.0,1503.0,1593.0,1500.0,1599.0,1499.0,1596.0
782.279925,1501.0,1502.0,1506.0,1598.0,1500.0,1599.0,1500.0,1601.0
782.771622,1501.0,1501.0,1505.0,1598.0,1503.0,1597.0,1500.0,1597.0
783.263353,1504.0,1502.0,1502.0,1595.0,1506.0,1603.0,1502.0,1598.0
783.755121,1500.0,1506.0,1506.0,1590.0,1503.0,1596.0,1500.0,1596.0
784.246925,1501.0,1503.0,1501.0,1589.0,1500.0,1592.0,1499.0,1591.0
784.738764,1503.0,1502.0,1505.0,1589.0,1500.0,1591.0,1502.0,1592.0
785.230639,1503.0,1504.0,1503.0,1588.0,1502.0,1593.0,1501.0,1592.0
785.722551,1500.0,1502.0,1507.0,1587.0,1497.0,1592.0,1501.0,1593.0
786.214498,1501.0,1502.0,1502.0,1584.0,1500.0,1590.0,1501.0,1587.0
786.706480,1505.0,1506.0,1506.0,1582.0,1505.0,1590.0,1499.0,1589.0
787.198499,1497.0,1502.0,1505.0,1582.0,1499.0,1588.0,1500.0,1586.0
787.690553,1501.0,1497.0,1495.0,1579.0,1500.0,1580.0,1498.0,1584.0
788.182644,1503.0,1503.0,1502.0,1580.0,1501.0,1585.0,1501.0,1584.0
788.674770,1503.0,1501.0,1501.0,1581.0,1502.0,1582.0,1502.0,1584.0
789.166932,1502.0,1504.0,1507.0,1581.0,1501.0,1586.0,1501.0,1584.0
789.659129,1499.0,1503.0,1498.0,1575.0,1500.0,1583.0,1503.0,1577.0
790.151363,1503.0,1504.0,1507.0,1577.0,1503.0,1584.0,1506.0,1582.0
790.643632,1502.0,1504.0,1499.0,1574.0,1499.0,1580.0,1503.0,1576.0
791.135938,1504.0,1505.0,1503.0,1576.0,1500.0,1579.0,1500.0,1578.0
791.628279,1503.0,1505.0,1500.0,1571.0,1505.0,1575.0,1499.0,1575.0
792.120656,1504.0,1502.0,1503.0,1573.0,1503.0,1575.0,1502.0,1572.0
792.613069,1503.0,1504.0,1504.0,1573.0,1501.0,1576.0,1500.0,1578.0
793.105517,1499.0,1500.0,1503.0,1570.0,1502.0,1573.0,1500.0,1574.0
793.598002,1501.0,1504.0,1501.0,1572.0,1502.0,1574.0,1497.0,1571.0
794.090522,1505.0,1501.0,1506.0,1573.0,1501.0,1580.0,1500.0,1577.0
794.583078,1505.0,1501.0,1510.0,1571.0,1503.0,1576.0,1506.0,1576.0
795.075670,1507.0,1506.0,1498.0,1569.0,1500.0,1570.0,1502.0,1570.0
795.568298,1504.0,1502.0,1503.0,1568.0,1500.0,1571.0,1501.0,1569.0
796.060962,1503.0,1500.0,1503.0,1562.0,1499.0,1565.0,1494.0,1566.0
796.553661,1501.0,1499.0,1501.0,1567.0,1502.0,1566.0,1502.0,1563.0
797.046396,1502.0,1501.0,1504.0,1564.0,1499.0,1568.0,1507.0,1564.0
797.539168,1501.0,1498.0,1499.0,1561.0,1501.0,1567.0,1500.0,1566.0
798.031975,1500.0,1506.0,1502.0,1565.0,1498.0,1570.0,1502.0,1568.0
798.524817,1502.0,1504.0,1507.0,1562.0,1502.0,1567.0,1498.0,1562.0
799.017696,1502.0,1506.0,1502.0,1563.0,1500.0,1565.0,1501.0,1564.0
799.510611,1501.0,1503.0,1499.0,1568.0,1502.0,1571.0,1503.0,1565.0
800.003561,1503.0,1504.0,1502.0,1563.0,1502.0,1567.0,1500.0,1565.0
800.496547,1501.0,1502.0,1505.0,1563.0,1504.0,1565.0,1499.0,1564.0
800.989569,1506.0,1503.0,1508.0,1562.0,1502.0,1561.0,1500.0,1562.0
801.482627,1503.0,1501.0,1503.0,1562.0,1501.0,1562.0,1502.0,1558.0
801.975721,1500.0,1503.0,1499.0,1563.0,1502.0,1564.0,1504.0,1562.0
802.468851,1499.0,1499.0,1499.0,1557.0,1498.0,1560.0,1501.0,1557.0
802.962016,1508.0,1503.0,1507.0,1557.0,1503.0,1557.0,1500.0,1560.0
803.455218,1504.0,1508.0,1505.0,1555.0,1505.0,1559.0,1501.0,1558.0
803.948455,1502.0,1506.0,1505.0,1555.0,1499.0,1561.0,1505.0,1556.0
804.441728,1500.0,1503.0,1501.0,1556.0,1502.0,1560.0,1500.0,1554.0
804.935037,1505.0,1501.0,1502.0,1553.0,1503.0,1558.0,1501.0,1560.0
805.428381,1501.0,1502.0,1500.0,1552.0,1496.0,1555.0,1496.0,1552.0
805.921762,1503.0,1506.0,1505.0,1557.0,1506.0,1559.0,1499.0,1553.0
806.415178,1500.0,1500.0,1505.0,1554.0,1501.0,1559.0,1502.0,1554.0
806.908630,1504.0,1501.0,1501.0,1552.0,1503.0,1554.0,1504.0,1557.0
807.402118,1499.0,1499.0,1499.0,1554.0,1498.0,1556.0,1499.0,1555.0
807.895642,1501.0,1508.0,1504.0,1550.0,1506.0,1554.0,1502.0,1556.0
808.389202,1502.0,1508.0,1500.0,1550.0,1502.0,1555.0,1502.0,1553.0
808.882798,1507.0,1500.0,1501.0,1551.0,1501.0,1556.0,1502.0,1549.0
809.376429,1500.0,1497.0,1500.0,1544.0,1499.0,1547.0,1501.0,1553.0
809.870097,1498.0,1500.0,1502.0,1548.0,1499.0,1550.0,1499.0,1552.0
810.363800,1502.0,1503.0,1503.0,1546.0,1502.0,1554.0,1498.0,1551.0
810.857539,1505.0,1506.0,1502.0,1545.0,1501.0,1551.0,1499.0,1552.0
811.351314,1502.0,1502.0,1506.0,1549.0,1498.0,1552.0,1499.0,1551.0
811.845124,1502.0,1505.0,1504.0,1547.0,1501.0,1549.0,1502.0,1553.0
812.338971,1504.0,1503.0,1506.0,1547.0,1506.0,1551.0,1503.0,1551.0
812.832853,1503.0,1503.0,1504.0,1548.0,1503.0,1552.0,1500.0,1552.0
813.326772,1505.0,1505.0,1506.0,1547.0,1501.0,1553.0,1500.0,1548.0
813.820726,1497.0,1501.0,1499.0,1545.0,1499.0,1547.0,1501.0,1546.0
814.314716,1503.0,1504.0,1503.0,1544.0,1502.0,1550.0,1506.0,1552.0
814.808742,1505.0,1506.0,1506.0,1549.0,1501.0,1547.0,1501.0,1547.0
815.302803,1504.0,1505.0,1504.0,1547.0,1506.0,1546.0,1500.0,1547.0
815.796901,1502.0,1505.0,1500.0,1541.0,1504.0,1550.0,1499.0,1544.0
816.291034,1499.0,1498.0,1499.0,1544.0,1498.0,1543.0,1500.0,1544.0
816.785204,1500.0,1501.0,1499.0,1539.0,1499.0,1540.0,1496.0,1547.0
817.279409,1504.0,1498.0,1499.0,1540.0,1503.0,1546.0,1495.0,1545.0
817.773650,1502.0,1504.0,1502.0,1542.0,1502.0,1544.0,1502.0,1546.0
818.267926,1503.0,1503.0,1504.0,1539.0,1503.0,1543.0,1501.0,1542.0
818.762239,1500.0,1500.0,1498.0,1541.0,1500.0,1544.0,1500.0,1544.0
819.256588,1502.0,1505.0,1505.0,1540.0,1499.0,1544.0,1500.0,1543.0
819.750972,1499.0,1503.0,1501.0,1539.0,1499.0,1539.0,1498.0,1543.0
820.245392,1502.0,1501.0,1505.0,1542.0,1502.0,1543.0,1504.0,1544.0
820.739848,1504.0,1502.0,1503.0,1542.0,1505.0,1543.0,1505.0,1545.0
821.234340,1496.0,1502.0,1502.0,1541.0,1500.0,1542.0,1505.0,1543.0
821.728868,1501.0,1503.0,1505.0,1538.0,1504.0,1540.0,1505.0,1539.0
822.223432,1503.0,1502.0,1507.0,1540.0,1505.0,1540.0,1500.0,1542.0
822.718031,1498.0,1504.0,1507.0,1537.0,1497.0,1539.0,1503.0,1535.0

